-- MySQL dump 10.13  Distrib 8.0.26, for Win64 (x86_64)
--
-- Host: 127.0.0.1    Database: recip_db
-- ------------------------------------------------------
-- Server version	8.0.26

/*!40101 SET @OLD_CHARACTER_SET_CLIENT=@@CHARACTER_SET_CLIENT */;
/*!40101 SET @OLD_CHARACTER_SET_RESULTS=@@CHARACTER_SET_RESULTS */;
/*!40101 SET @OLD_COLLATION_CONNECTION=@@COLLATION_CONNECTION */;
/*!50503 SET NAMES utf8 */;
/*!40103 SET @OLD_TIME_ZONE=@@TIME_ZONE */;
/*!40103 SET TIME_ZONE='+00:00' */;
/*!40014 SET @OLD_UNIQUE_CHECKS=@@UNIQUE_CHECKS, UNIQUE_CHECKS=0 */;
/*!40014 SET @OLD_FOREIGN_KEY_CHECKS=@@FOREIGN_KEY_CHECKS, FOREIGN_KEY_CHECKS=0 */;
/*!40101 SET @OLD_SQL_MODE=@@SQL_MODE, SQL_MODE='NO_AUTO_VALUE_ON_ZERO' */;
/*!40111 SET @OLD_SQL_NOTES=@@SQL_NOTES, SQL_NOTES=0 */;

--
-- Table structure for table `answer`
--

DROP TABLE IF EXISTS `answer`;
/*!40101 SET @saved_cs_client     = @@character_set_client */;
/*!50503 SET character_set_client = utf8mb4 */;
CREATE TABLE `answer` (
  `id` int NOT NULL AUTO_INCREMENT,
  `value` varchar(500) NOT NULL,
  `course_id` int NOT NULL,
  `question_id` int NOT NULL,
  `test_id` int NOT NULL,
  `is_correct` tinyint(1) DEFAULT '0',
  `status` tinyint(1) DEFAULT '1',
  `created_at` datetime NOT NULL,
  `updated_at` datetime NOT NULL,
  PRIMARY KEY (`id`),
  KEY `fk_answer_course_idx` (`course_id`) USING BTREE,
  KEY `fk_answer_question_idx` (`question_id`) USING BTREE,
  KEY `fk_answer_test_idx` (`test_id`) USING BTREE,
  CONSTRAINT `answer_ibfk_1` FOREIGN KEY (`course_id`) REFERENCES `course` (`id`) ON UPDATE CASCADE,
  CONSTRAINT `answer_ibfk_2` FOREIGN KEY (`question_id`) REFERENCES `question` (`id`) ON UPDATE CASCADE,
  CONSTRAINT `answer_ibfk_3` FOREIGN KEY (`test_id`) REFERENCES `test` (`id`) ON UPDATE CASCADE
) ENGINE=InnoDB AUTO_INCREMENT=777 DEFAULT CHARSET=utf8mb4 COLLATE=utf8mb4_0900_ai_ci;
/*!40101 SET character_set_client = @saved_cs_client */;

--
-- Dumping data for table `answer`
--

LOCK TABLES `answer` WRITE;
/*!40000 ALTER TABLE `answer` DISABLE KEYS */;
INSERT INTO `answer` VALUES (1,'28 voltios, 24 amperios-hora',1,1,1,1,1,'2024-10-27 13:15:06','2024-10-27 13:15:06'),(2,'24 voltios, 34/36 amperios-hora',1,1,1,0,1,'2024-10-27 13:15:06','2024-10-27 13:15:06'),(3,'28 voltios, 34/36 amperios-hora',1,1,1,0,1,'2024-10-27 13:15:06','2024-10-27 13:15:06'),(4,'24 voltios, 42 amperios-hora',1,1,1,0,1,'2024-10-27 13:15:06','2024-10-27 13:15:06'),(5,'Mueva el interruptor a APAGADO y luego a ENCENDIDO.',1,2,1,1,1,'2024-10-27 13:15:06','2024-10-27 13:15:06'),(6,'Mantenga presionado el interruptor en RESET durante un segundo y suéltelo en ON',1,2,1,0,1,'2024-10-27 13:15:06','2024-10-27 13:15:06'),(7,'Mueva el interruptor a ON',1,2,1,0,1,'2024-10-27 13:15:06','2024-10-27 13:15:06'),(8,'Mantenga el interruptor en ON durante un segundo.',1,2,1,0,1,'2024-10-27 13:15:06','2024-10-27 13:15:06'),(9,'En la sección central del ala izquierda',1,3,1,1,1,'2024-10-27 13:15:06','2024-10-27 13:15:06'),(10,'En el compartimento de popa',1,3,1,0,1,'2024-10-27 13:15:06','2024-10-27 13:15:06'),(11,'En la sección central del ala derecha',1,3,1,0,1,'2024-10-27 13:15:06','2024-10-27 13:15:06'),(12,'En el compartimento de la nariz',1,3,1,0,1,'2024-10-27 13:15:06','2024-10-27 13:15:06'),(13,'+5 °C',1,4,1,1,1,'2024-10-27 13:15:06','2024-10-27 13:15:06'),(14,'130 KTS',1,4,1,1,1,'2024-10-27 13:15:06','2024-10-27 13:15:06'),(15,'15 °C',1,4,1,0,1,'2024-10-27 13:15:06','2024-10-27 13:15:06'),(16,'160 KTS.',1,4,1,0,1,'2024-10-27 13:15:06','2024-10-27 13:15:06'),(17,'Verdadero',1,5,1,1,1,'2024-10-27 13:15:06','2024-10-27 13:15:06'),(18,'Falso',1,5,1,0,1,'2024-10-27 13:15:06','2024-10-27 13:15:06'),(19,'Power GROUND FINE',1,6,1,1,1,'2024-10-27 13:15:06','2024-10-27 13:15:06'),(20,'Brakes AS REQUIRED TO ACHIEVE STOPPING DISTANCE',1,6,1,1,1,'2024-10-27 13:15:06','2024-10-27 13:15:06'),(21,'Operative Engine MAXIMUM REVERSE',1,6,1,1,1,'2024-10-27 13:15:06','2024-10-27 13:15:06'),(22,'Power MAXIMUM ALLOWABLE',1,7,1,1,1,'2024-10-27 13:15:06','2024-10-27 13:15:06'),(23,'Airspeed MAINTAIN (Takeoff Speed or Above)',1,7,1,1,1,'2024-10-27 13:15:06','2024-10-27 13:15:06'),(24,'Landing Gear UP',1,7,1,1,1,'2024-10-27 13:15:06','2024-10-27 13:15:06'),(25,'Prop Lever (Inoperative Engine) FEATHER',1,7,1,1,1,'2024-10-27 13:15:06','2024-10-27 13:15:06'),(26,'Airspeed (After Obstacle Clearance Altitude Reached) VYSE',1,7,1,1,1,'2024-10-27 13:15:06','2024-10-27 13:15:06'),(27,'Condition Lever FUEL CUTOFF',1,8,1,1,1,'2024-10-27 13:15:06','2024-10-27 13:15:06'),(28,'Prop Lever FEATHER',1,8,1,1,1,'2024-10-27 13:15:06','2024-10-27 13:15:06'),(29,'Firewall Shutoff Valve CLOSE',1,8,1,1,1,'2024-10-27 13:15:06','2024-10-27 13:15:06'),(30,'Fire Extinguisher (If Installed)(If Fire Warning Persists) ACTUATE',1,8,1,1,1,'2024-10-27 13:15:06','2024-10-27 13:15:06'),(31,'Power Levers IDLE',1,9,1,1,1,'2024-10-27 13:15:06','2024-10-27 13:15:06'),(32,'Prop Levers FULL FORWARD',1,9,1,1,1,'2024-10-27 13:15:06','2024-10-27 13:15:06'),(33,'Flaps (200 Knots Maximum) APPROACH',1,9,1,1,1,'2024-10-27 13:15:06','2024-10-27 13:15:06'),(34,'Landing Gear (181 Knots Maximum) DN',1,9,1,1,1,'2024-10-27 13:15:06','2024-10-27 13:15:06'),(35,'Airspeed 181 KNOTS MAXIMUM',1,9,1,1,1,'2024-10-27 13:15:06','2024-10-27 13:15:06'),(36,'Verdadero',1,10,1,1,1,'2024-10-27 13:15:06','2024-10-27 13:15:06'),(37,'Falso',1,10,1,0,1,'2024-10-27 13:15:06','2024-10-27 13:15:06'),(38,'Verdadero',1,11,1,1,1,'2024-10-27 13:15:06','2024-10-27 13:15:06'),(39,'Falso',1,11,1,0,1,'2024-10-27 13:15:06','2024-10-27 13:15:06'),(40,'Verdadero',1,12,1,1,1,'2024-10-27 13:15:06','2024-10-27 13:15:06'),(41,'Falso',1,12,1,0,1,'2024-10-27 13:15:06','2024-10-27 13:15:06'),(42,'DE 100 A 1200 °C.',1,13,1,1,1,'2024-10-27 13:15:06','2024-10-27 13:15:06'),(43,'DE 200 A 1200 °C.',1,13,1,1,1,'2024-10-27 13:15:06','2024-10-27 13:15:06'),(44,'DE 0 A 2500 LBS/PIES.',1,13,1,0,1,'2024-10-27 13:15:06','2024-10-27 13:15:06'),(45,'DE 0 A 2200 LBS/PIES',1,13,1,0,1,'2024-10-27 13:15:06','2024-10-27 13:15:06'),(46,'La luz de AUTOFEATHER titila al caer la potencia de 400 LBS.',1,14,1,1,1,'2024-10-27 13:15:06','2024-10-27 13:15:06'),(47,'Se embanderará la hélice al caer la potencia por debajo de 200 LBS.',1,14,1,0,1,'2024-10-27 13:15:06','2024-10-27 13:15:06'),(48,'La luz de AUTOFEATHER del motor contrario se apaga al caer la potencia por debajo de 400 LBS.',1,14,1,0,1,'2024-10-27 13:15:06','2024-10-27 13:15:06'),(49,'La luz de AUTOFEATHER del mismo motor se apaga al caer la potencia por debajo de 400 LBS.',1,14,1,0,1,'2024-10-27 13:15:06','2024-10-27 13:15:06'),(50,'3.17 gravedades positivas',1,15,1,1,1,'2024-10-27 13:15:06','2024-10-27 13:15:06'),(51,'2.0 gravedades positivas',1,15,1,0,1,'2024-10-27 13:15:06','2024-10-27 13:15:06'),(52,'1.27 gravedades negativas',1,15,1,0,1,'2024-10-27 13:15:06','2024-10-27 13:15:06'),(53,'1.17 gravedades negativas',1,15,1,0,1,'2024-10-27 13:15:06','2024-10-27 13:15:06'),(54,'Apague el interruptor de la batería.',1,16,1,1,1,'2024-10-27 13:15:06','2024-10-27 13:15:06'),(55,'Reducir la carga eléctrica',1,16,1,0,1,'2024-10-27 13:15:06','2024-10-27 13:15:06'),(56,'Aislar el bus de la batería.',1,16,1,0,1,'2024-10-27 13:15:06','2024-10-27 13:15:06'),(57,'Reiniciar el anunciador',1,16,1,0,1,'2024-10-27 13:15:06','2024-10-27 13:15:06'),(58,'30 voltios, 200 amperios',1,17,1,1,1,'2024-10-27 13:15:06','2024-10-27 13:15:06'),(59,'24 voltios, 300 amperios',1,17,1,0,1,'2024-10-27 13:15:06','2024-10-27 13:15:06'),(60,'28 voltios, 250 amperios',1,17,1,0,1,'2024-10-27 13:15:06','2024-10-27 13:15:06'),(61,'32 voltios, 250 amperios',1,17,1,0,1,'2024-10-27 13:15:06','2024-10-27 13:15:06'),(62,'Debajo de una barra colectiva en el panel superior',1,18,1,1,1,'2024-10-27 13:15:06','2024-10-27 13:15:06'),(63,'En el panel de instrumentos central',1,18,1,0,1,'2024-10-27 13:15:06','2024-10-27 13:15:06'),(64,'Debajo de una barra de distribución en el subpanel izquierdo del piloto',1,18,1,0,1,'2024-10-27 13:15:06','2024-10-27 13:15:06'),(65,'En el subpanel del copiloto',1,18,1,0,1,'2024-10-27 13:15:06','2024-10-27 13:15:06'),(66,'RESET',1,19,1,1,1,'2024-10-27 13:15:06','2024-10-27 13:15:06'),(67,'ENCENDIDO',1,19,1,0,1,'2024-10-27 13:15:06','2024-10-27 13:15:06'),(68,'APAGADO',1,19,1,0,1,'2024-10-27 13:15:06','2024-10-27 13:15:06'),(69,'Una luz ámbar DC GEN está encendida',1,20,1,1,1,'2024-10-27 13:15:06','2024-10-27 13:15:06'),(70,'No hay indicaciones presentes',1,20,1,0,1,'2024-10-27 13:15:06','2024-10-27 13:15:06'),(71,'Una luz verde DC GEN está encendida',1,20,1,0,1,'2024-10-27 13:15:06','2024-10-27 13:15:06'),(72,'Una luz roja DC GEN está encendida',1,20,1,0,1,'2024-10-27 13:15:06','2024-10-27 13:15:06'),(74,'Bajo el ala izquierda',1,21,1,1,1,'2024-10-27 13:15:06','2024-10-27 13:15:06'),(75,'En la parte trasera izquierda del fuselaje.',1,21,1,0,1,'2024-10-27 13:15:06','2024-10-27 13:15:06'),(76,'Debajo del ala derecha, fuera de borda de la góndola del motor',1,21,1,0,1,'2024-10-27 13:15:06','2024-10-27 13:15:06'),(77,'En el fuselaje delantero derecho',1,21,1,0,1,'2024-10-27 13:15:06','2024-10-27 13:15:06'),(78,'100 amperios',1,22,1,1,1,'2024-10-27 13:15:06','2024-10-27 13:15:06'),(79,'300 amperios',1,22,1,0,1,'2024-10-27 13:15:06','2024-10-27 13:15:06'),(80,'800 amperios',1,22,1,0,1,'2024-10-27 13:15:06','2024-10-27 13:15:06'),(81,'1.000 amperios',1,22,1,0,1,'2024-10-27 13:15:06','2024-10-27 13:15:06'),(82,'1000',1,23,1,1,1,'2024-10-27 13:15:06','2024-10-27 13:15:06'),(83,'-40 (min)',1,23,1,1,1,'2024-10-27 13:15:06','2024-10-27 13:15:06'),(84,'750',1,23,1,1,1,'2024-10-27 13:15:06','2024-10-27 13:15:06'),(85,'21000',1,23,1,1,1,'2024-10-27 13:15:06','2024-10-27 13:15:06'),(86,'56 (min)',1,23,1,1,1,'2024-10-27 13:15:06','2024-10-27 13:15:06'),(87,'60 (min)',1,23,1,1,1,'2024-10-27 13:15:06','2024-10-27 13:15:06'),(88,'-40 a 99',1,23,1,1,1,'2024-10-27 13:15:06','2024-10-27 13:15:06'),(89,'-40 a 99',1,23,1,1,1,'2024-10-27 13:15:06','2024-10-27 13:15:06'),(90,'850',1,23,1,1,1,'2024-10-27 13:15:06','2024-10-27 13:15:06'),(91,'2230',1,23,1,1,1,'2024-10-27 13:15:06','2024-10-27 13:15:06'),(92,'800',1,23,1,1,1,'2024-10-27 13:15:06','2024-10-27 13:15:06'),(93,'38100',1,23,1,1,1,'2024-10-27 13:15:06','2024-10-27 13:15:06'),(94,'101.5',1,23,1,1,1,'2024-10-27 13:15:06','2024-10-27 13:15:06'),(95,'2000',1,23,1,1,1,'2024-10-27 13:15:06','2024-10-27 13:15:06'),(96,'100 a 135',1,23,1,1,1,'2024-10-27 13:15:06','2024-10-27 13:15:06'),(97,'0 a 99',1,23,1,1,1,'2024-10-27 13:15:06','2024-10-27 13:15:06'),(98,'850',1,23,1,1,1,'2024-10-27 13:15:06','2024-10-27 13:15:06'),(99,'2230',1,23,1,1,1,'2024-10-27 13:15:06','2024-10-27 13:15:06'),(100,'800',1,23,1,1,1,'2024-10-27 13:15:06','2024-10-27 13:15:06'),(101,'38100',1,23,1,1,1,'2024-10-27 13:15:06','2024-10-27 13:15:06'),(102,'101.5',1,23,1,1,1,'2024-10-27 13:15:06','2024-10-27 13:15:06'),(103,'2000',1,23,1,1,1,'2024-10-27 13:15:06','2024-10-27 13:15:06'),(104,'100 a 135',1,23,1,1,1,'2024-10-27 13:15:06','2024-10-27 13:15:06'),(105,'0 a 99',1,23,1,1,1,'2024-10-27 13:15:06','2024-10-27 13:15:06'),(106,'850',1,23,1,1,1,'2024-10-27 13:15:06','2024-10-27 13:15:06'),(107,'2230',1,23,1,1,1,'2024-10-27 13:15:06','2024-10-27 13:15:06'),(108,'770',1,23,1,1,1,'2024-10-27 13:15:06','2024-10-27 13:15:06'),(109,'38100',1,23,1,1,1,'2024-10-27 13:15:06','2024-10-27 13:15:06'),(110,'101.5',1,23,1,1,1,'2024-10-27 13:15:06','2024-10-27 13:15:06'),(111,'2000',1,23,1,1,1,'2024-10-27 13:15:06','2024-10-27 13:15:06'),(112,'100 a 135',1,23,1,1,1,'2024-10-27 13:15:06','2024-10-27 13:15:06'),(113,'0 a 99',1,23,1,1,1,'2024-10-27 13:15:06','2024-10-27 13:15:06'),(114,'850',1,23,1,1,1,'2024-10-27 13:15:06','2024-10-27 13:15:06'),(115,'750',1,23,1,1,1,'2024-10-27 13:15:06','2024-10-27 13:15:06'),(116,'88',1,23,1,1,1,'2024-10-27 13:15:06','2024-10-27 13:15:06'),(117,'1900',1,23,1,1,1,'2024-10-27 13:15:06','2024-10-27 13:15:06'),(118,'100 a 135',1,23,1,1,1,'2024-10-27 13:15:06','2024-10-27 13:15:06'),(119,'0 a 99',1,23,1,1,1,'2024-10-27 13:15:06','2024-10-27 13:15:06'),(120,'2750',1,23,1,1,1,'2024-10-27 13:15:06','2024-10-27 13:15:06'),(121,'850',1,23,1,1,1,'2024-10-27 13:15:06','2024-10-27 13:15:06'),(122,'38500',1,23,1,1,1,'2024-10-27 13:15:06','2024-10-27 13:15:06'),(123,'102.6',1,23,1,1,1,'2024-10-27 13:15:06','2024-10-27 13:15:06'),(124,'2200',1,23,1,1,1,'2024-10-27 13:15:06','2024-10-27 13:15:06'),(125,'0 a 104',1,23,1,1,1,'2024-10-27 13:15:06','2024-10-27 13:15:06'),(126,'Un tono audible',1,24,1,1,1,'2024-10-27 13:15:06','2024-10-27 13:15:06'),(127,'Una luz EXT PWR',1,24,1,0,1,'2024-10-27 13:15:06','2024-10-27 13:15:06'),(128,'Una luz de advertencia maestra',1,24,1,0,1,'2024-10-27 13:15:06','2024-10-27 13:15:06'),(129,'Medidores de generador fluctuantes',1,24,1,0,1,'2024-10-27 13:15:06','2024-10-27 13:15:06'),(130,'1',1,25,1,1,1,'2024-10-27 13:15:06','2024-10-27 13:15:06'),(131,'2',1,25,1,0,1,'2024-10-27 13:15:06','2024-10-27 13:15:06'),(132,'3',1,25,1,0,1,'2024-10-27 13:15:06','2024-10-27 13:15:06'),(133,'4',1,25,1,0,1,'2024-10-27 13:15:06','2024-10-27 13:15:06'),(134,'28 voltios',1,26,1,1,1,'2024-10-27 13:15:06','2024-10-27 13:15:06'),(135,'24 voltios',1,26,1,0,1,'2024-10-27 13:15:06','2024-10-27 13:15:06'),(136,'22 voltios',1,26,1,0,1,'2024-10-27 13:15:06','2024-10-27 13:15:06'),(137,'20 voltios',1,26,1,0,1,'2024-10-27 13:15:06','2024-10-27 13:15:06'),(138,'28 voltios y 26 voltios, 400 Hz',1,27,1,1,1,'2024-10-27 13:15:06','2024-10-27 13:15:06'),(139,'24 voltios y 130 voltios, 60 Hz',1,27,1,0,1,'2024-10-27 13:15:06','2024-10-27 13:15:06'),(140,'115 voltios y 26 voltios, 400 Hz',1,27,1,0,1,'2024-10-27 13:15:06','2024-10-27 13:15:06'),(141,'30 voltios y 115 voltios, 120 Hz',1,27,1,0,1,'2024-10-27 13:15:06','2024-10-27 13:15:06'),(142,'Para cargar la batería',1,28,1,1,1,'2024-10-27 13:15:06','2024-10-27 13:15:06'),(143,'Para energizar las unidades de control del generador (GCU)',1,28,1,0,1,'2024-10-27 13:15:06','2024-10-27 13:15:06'),(144,'Para alimentar los voltímetros',1,28,1,0,1,'2024-10-27 13:15:06','2024-10-27 13:15:06'),(145,'Para proteger contra picos de voltaje',1,28,1,0,1,'2024-10-27 13:15:06','2024-10-27 13:15:06'),(146,'En el subpanel derecho del copiloto',1,29,1,1,1,'2024-10-27 13:15:06','2024-10-27 13:15:06'),(147,'En el panel superior',1,29,1,0,1,'2024-10-27 13:15:06','2024-10-27 13:15:06'),(148,'En el panel lateral derecho del copiloto',1,29,1,0,1,'2024-10-27 13:15:06','2024-10-27 13:15:06'),(149,'En el subpanel izquierdo del piloto.',1,29,1,0,1,'2024-10-27 13:15:06','2024-10-27 13:15:06'),(150,'35 voltios',1,30,1,1,1,'2024-10-27 13:15:06','2024-10-27 13:15:06'),(151,'30 voltios',1,30,1,0,1,'2024-10-27 13:15:06','2024-10-27 13:15:06'),(152,'25 voltios',1,30,1,0,1,'2024-10-27 13:15:06','2024-10-27 13:15:06'),(153,'24 voltios',1,30,1,0,1,'2024-10-27 13:15:06','2024-10-27 13:15:06'),(154,'25% (0,25)',1,31,1,1,1,'2024-10-27 13:15:06','2024-10-27 13:15:06'),(155,'50% (0,50)',1,31,1,0,1,'2024-10-27 13:15:06','2024-10-27 13:15:06'),(156,'75% (.75)',1,31,1,0,1,'2024-10-27 13:15:06','2024-10-27 13:15:06'),(157,'100% (1,00)',1,31,1,0,1,'2024-10-27 13:15:06','2024-10-27 13:15:06'),(158,'Tire del disyuntor de la batería.',1,32,1,1,1,'2024-10-27 13:15:06','2024-10-27 13:15:06'),(159,'Reinicie el interruptor de BATERÍA',1,32,1,0,1,'2024-10-27 13:15:06','2024-10-27 13:15:06'),(160,'Apague un generador',1,32,1,0,1,'2024-10-27 13:15:06','2024-10-27 13:15:06'),(161,'Aterrizar en el aeropuerto adecuado más cercano',1,32,1,0,1,'2024-10-27 13:15:06','2024-10-27 13:15:06'),(162,'40 segundos ENCENDIDO, 60 segundos APAGADO',1,33,1,1,1,'2024-10-27 13:15:06','2024-10-27 13:15:06'),(163,'10 segundos ENCENDIDO, 30 segundos APAGADO',1,33,1,0,1,'2024-10-27 13:15:06','2024-10-27 13:15:06'),(164,'20 segundos ENCENDIDO, 60 segundos APAGADO',1,33,1,0,1,'2024-10-27 13:15:06','2024-10-27 13:15:06'),(165,'15 segundos ENCENDIDO, 50 segundos APAGADO',1,33,1,0,1,'2024-10-27 13:15:06','2024-10-27 13:15:06'),(170,'Subpanel derecho del piloto',1,34,1,1,1,'2024-10-27 13:15:06','2024-10-27 13:15:06'),(171,'Panel superior ',1,34,1,0,1,'2024-10-27 13:15:06','2024-10-27 13:15:06'),(172,'Subpanel izquierdo del copiloto ',1,34,1,0,1,'2024-10-27 13:15:06','2024-10-27 13:15:06'),(173,'Panel lateral del piloto',1,34,1,0,1,'2024-10-27 13:15:06','2024-10-27 13:15:06'),(174,'Autobús de doble alimentación nº 1',1,35,1,1,1,'2024-10-27 13:15:06','2024-10-27 13:15:06'),(175,'Autobús con batería caliente',1,35,1,0,1,'2024-10-27 13:15:06','2024-10-27 13:15:06'),(176,'Autobús de doble alimentación nº 2',1,35,1,0,1,'2024-10-27 13:15:06','2024-10-27 13:15:06'),(177,'Autobús de aislamiento',1,35,1,0,1,'2024-10-27 13:15:06','2024-10-27 13:15:06'),(178,'Justo dentro y detrás del marco de la puerta de la escalera de aire.',1,36,1,1,1,'2024-10-27 13:15:06','2024-10-27 13:15:06'),(179,'Dentro del compartimento de equipaje',1,36,1,0,1,'2024-10-27 13:15:06','2024-10-27 13:15:06'),(180,'En el panel superior',1,36,1,0,1,'2024-10-27 13:15:06','2024-10-27 13:15:06'),(181,'En el subpanel izquierdo del piloto.',1,36,1,0,1,'2024-10-27 13:15:06','2024-10-27 13:15:06'),(182,'Automáticamente cuando se cierran las puertas del tren',1,37,1,1,1,'2024-10-27 13:15:06','2024-10-27 13:15:06'),(183,'Automáticamente cuando el avión despega.',1,37,1,0,1,'2024-10-27 13:15:06','2024-10-27 13:15:06'),(184,'Apagando los interruptores de las luces de ATERRIZAJE',1,37,1,0,1,'2024-10-27 13:15:06','2024-10-27 13:15:06'),(185,'Apagando el interruptor de la luz TAXI',1,37,1,0,1,'2024-10-27 13:15:06','2024-10-27 13:15:06'),(186,'Con un interruptor justo detrás del marco de la puerta.',1,38,1,1,1,'2024-10-27 13:15:06','2024-10-27 13:15:06'),(187,'Automáticamente, cuando se apaga el interruptor de la batería.',1,38,1,0,1,'2024-10-27 13:15:06','2024-10-27 13:15:06'),(188,'Con un interruptor en el subpanel derecho del piloto.',1,38,1,0,1,'2024-10-27 13:15:06','2024-10-27 13:15:06'),(189,'Automáticamente, cuando se abre la puerta de la escalera de aire y se enciende el interruptor de umbral',1,38,1,0,1,'2024-10-27 13:15:06','2024-10-27 13:15:06'),(190,'En el exterior de las nacelas del motor.',1,39,1,1,1,'2024-10-27 13:15:06','2024-10-27 13:15:06'),(191,'En la raíz del ala',1,39,1,0,1,'2024-10-27 13:15:06','2024-10-27 13:15:06'),(192,'En la nariz',1,39,1,0,1,'2024-10-27 13:15:06','2024-10-27 13:15:06'),(193,'A cada lado del fuselaje',1,39,1,0,1,'2024-10-27 13:15:06','2024-10-27 13:15:06'),(194,'En el panel superior',1,40,1,1,1,'2024-10-27 13:15:06','2024-10-27 13:15:06'),(195,'En el panel lateral del copiloto',1,40,1,0,1,'2024-10-27 13:15:06','2024-10-27 13:15:06'),(196,'En el subpanel derecho del piloto.',1,40,1,0,1,'2024-10-27 13:15:06','2024-10-27 13:15:06'),(197,'En el panel lateral del piloto.',1,40,1,0,1,'2024-10-27 13:15:06','2024-10-27 13:15:06'),(198,'Para controlar la energía de todas las luces del panel de la cabina.',1,41,1,1,1,'2024-10-27 13:15:06','2024-10-27 13:15:06'),(199,'Para apagar todas las luces de la cabina.',1,41,1,0,1,'2024-10-27 13:15:06','2024-10-27 13:15:06'),(200,'Intensificar todas las luces del panel de cabina.',1,41,1,0,1,'2024-10-27 13:15:06','2024-10-27 13:15:06'),(201,'Para apagar todas las luces',1,41,1,0,1,'2024-10-27 13:15:06','2024-10-27 13:15:06'),(202,'En cada punta de ala',1,42,1,1,1,'2024-10-27 13:15:06','2024-10-27 13:15:06'),(203,'En la zona del morro del fuselaje.',1,42,1,0,1,'2024-10-27 13:15:06','2024-10-27 13:15:06'),(204,'En cada raíz del ala',1,42,1,0,1,'2024-10-27 13:15:06','2024-10-27 13:15:06'),(205,'En el estabilizador vertical',1,42,1,0,1,'2024-10-27 13:15:06','2024-10-27 13:15:06'),(206,'Incrementa el TORQUE, disminuye la ITT.',1,43,1,1,1,'2024-10-27 13:15:06','2024-10-27 13:15:06'),(207,'Incrementa la ITT, disminuye el TORQUE.',1,43,1,0,1,'2024-10-27 13:15:06','2024-10-27 13:15:06'),(208,'La N1 queda fija, disminuye la ITT.',1,43,1,0,1,'2024-10-27 13:15:06','2024-10-27 13:15:06'),(209,'Incrementa la N1, disminuye la ITT.',1,43,1,0,1,'2024-10-27 13:15:06','2024-10-27 13:15:06'),(210,'145 KIAS',1,44,1,1,1,'2024-10-27 13:15:06','2024-10-27 13:15:06'),(211,'125 KIAS',1,44,1,0,1,'2024-10-27 13:15:06','2024-10-27 13:15:06'),(212,'135 KIAS',1,44,1,0,1,'2024-10-27 13:15:06','2024-10-27 13:15:06'),(213,'138 KIAS',1,44,1,0,1,'2024-10-27 13:15:06','2024-10-27 13:15:06'),(214,'28 VOLT 300 AMP',1,45,1,1,1,'2024-10-27 13:15:06','2024-10-27 13:15:06'),(215,'24 VOLT 34 AMP',1,45,1,0,1,'2024-10-27 13:15:06','2024-10-27 13:15:06'),(216,'24 VOLT 400 AMP',1,45,1,0,1,'2024-10-27 13:15:06','2024-10-27 13:15:06'),(217,'28 VOLT 34 AMP',1,45,1,0,1,'2024-10-27 13:15:06','2024-10-27 13:15:06'),(218,'1000°C POR 10 SEG',1,46,1,1,1,'2024-10-27 13:15:06','2024-10-27 13:15:06'),(219,'1000°C POR 5 SEG',1,46,1,0,1,'2024-10-27 13:15:06','2024-10-27 13:15:06'),(220,'740°C POR 5 SEG',1,46,1,0,1,'2024-10-27 13:15:06','2024-10-27 13:15:06'),(221,'900°C 5SEG',1,46,1,0,1,'2024-10-27 13:15:06','2024-10-27 13:15:06'),(222,'En la sección central del plano izquierdo.',1,47,1,1,1,'2024-10-27 13:15:06','2024-10-27 13:15:06'),(223,'En el compartimento trasero.',1,47,1,0,1,'2024-10-27 13:15:06','2024-10-27 13:15:06'),(224,'En la sección central del plano derecho.',1,47,1,0,1,'2024-10-27 13:15:06','2024-10-27 13:15:06'),(225,'En el compartimento de la nariz.',1,47,1,0,1,'2024-10-27 13:15:06','2024-10-27 13:15:06'),(226,'1.0',1,48,1,1,1,'2024-10-27 13:15:06','2024-10-27 13:15:06'),(227,'0.88',1,48,1,0,1,'2024-10-27 13:15:06','2024-10-27 13:15:06'),(228,'0.85',1,48,1,0,1,'2024-10-27 13:15:06','2024-10-27 13:15:06'),(229,'0.50',1,48,1,0,1,'2024-10-27 13:15:06','2024-10-27 13:15:06'),(230,'Carrete doble, flujo recto, generador a gas.',1,49,1,1,1,'2024-10-27 13:15:06','2024-10-27 13:15:06'),(231,'Carrete simple, tipo axial, generador a gas. ',1,49,1,0,1,'2024-10-27 13:15:06','2024-10-27 13:15:06'),(232,'Flujo reverso, eje simple, turbohélice.',1,49,1,0,1,'2024-10-27 13:15:06','2024-10-27 13:15:06'),(233,'Flujo  reverso, turbina libre, turbohélice.',1,49,1,0,1,'2024-10-27 13:15:06','2024-10-27 13:15:06'),(234,'20.000 Pies.',1,50,1,1,1,'2024-10-27 13:15:06','2024-10-27 13:15:06'),(235,'22.000 Pies.',1,50,1,0,1,'2024-10-27 13:15:06','2024-10-27 13:15:06'),(236,'17.000 Pies.',1,50,1,0,1,'2024-10-27 13:15:06','2024-10-27 13:15:06'),(237,'19.000 Pies.',1,50,1,0,1,'2024-10-27 13:15:06','2024-10-27 13:15:06'),(238,'3611 libras',1,51,1,1,1,'2024-10-27 13:15:06','2024-10-27 13:15:06'),(239,'540 galones americanos',1,51,1,0,1,'2024-10-27 13:15:06','2024-10-27 13:15:06'),(240,'3800 libras',1,51,1,0,1,'2024-10-27 13:15:06','2024-10-27 13:15:06'),(241,'538 galones americanos',1,51,1,0,1,'2024-10-27 13:15:06','2024-10-27 13:15:06'),(242,'200 Kias',1,52,1,1,1,'2024-10-27 13:15:06','2024-10-27 13:15:06'),(243,'182 Kias',1,52,1,0,1,'2024-10-27 13:15:06','2024-10-27 13:15:06'),(244,'181 Kias',1,52,1,0,1,'2024-10-27 13:15:06','2024-10-27 13:15:06'),(245,'155 Kias',1,52,1,0,1,'2024-10-27 13:15:06','2024-10-27 13:15:06'),(246,'Pila Volta',1,53,1,1,1,'2024-10-27 13:15:06','2024-10-27 13:15:06'),(247,'Nicad',1,53,1,0,1,'2024-10-27 13:15:06','2024-10-27 13:15:06'),(248,'Plomo Acido/ Gel / Nicad.',1,53,1,0,1,'2024-10-27 13:15:06','2024-10-27 13:15:06'),(249,'Eléctrica',1,53,1,0,1,'2024-10-27 13:15:06','2024-10-27 13:15:06'),(250,'345 Kias',1,54,1,1,1,'2024-10-27 13:15:06','2024-10-27 13:15:06'),(251,'130 Kias',1,54,1,0,1,'2024-10-27 13:15:06','2024-10-27 13:15:06'),(252,'181 Kias',1,54,1,0,1,'2024-10-27 13:15:06','2024-10-27 13:15:06'),(253,'259 Kias',1,54,1,0,1,'2024-10-27 13:15:06','2024-10-27 13:15:06'),(258,'PT6- 41/42',1,55,1,1,1,'2024-10-27 13:15:06','2024-10-27 13:15:06'),(259,'PT6A-62A',1,55,1,0,1,'2024-10-27 13:15:06','2024-10-27 13:15:06'),(260,'PT6A-60A',1,55,1,0,1,'2024-10-27 13:15:06','2024-10-27 13:15:06'),(261,'PT6A-45A',1,55,1,0,1,'2024-10-27 13:15:06','2024-10-27 13:15:06'),(262,'Un ciclo cada 4 minutos por un total de 6 ciclos, para un descanso de 30 min',1,56,1,1,1,'2024-10-27 13:15:06','2024-10-27 13:15:06'),(263,'Un ciclo cada 5 minutos por un total de 6 ciclos, para un descanso de 15 min',1,56,1,0,1,'2024-10-27 13:15:06','2024-10-27 13:15:06'),(264,'Un ciclo cada 3 minutos por un total de 6 ciclos, para un descanso de 30 min',1,56,1,0,1,'2024-10-27 13:15:06','2024-10-27 13:15:06'),(265,'Un ciclo cada 6 minutos por un total de 5 ciclos, para un descanso de 15 min',1,56,1,0,1,'2024-10-27 13:15:06','2024-10-27 13:15:06'),(266,'Rotores y alambre',1,57,1,1,1,'2024-10-27 13:15:06','2024-10-27 13:15:06'),(267,'Correas y mangueras',1,57,1,0,1,'2024-10-27 13:15:06','2024-10-27 13:15:06'),(268,'Guayas y poleas',1,57,1,0,1,'2024-10-27 13:15:06','2024-10-27 13:15:06'),(269,'Cadenas y contrapesas',1,57,1,0,1,'2024-10-27 13:15:06','2024-10-27 13:15:06'),(270,'40000 ft',1,58,1,1,1,'2024-10-27 13:15:06','2024-10-27 13:15:06'),(271,'21000 ft',1,58,1,0,1,'2024-10-27 13:15:06','2024-10-27 13:15:06'),(272,'35000 ft',1,58,1,0,1,'2024-10-27 13:15:06','2024-10-27 13:15:06'),(273,'30000 ft',1,58,1,0,1,'2024-10-27 13:15:06','2024-10-27 13:15:06'),(274,'24 VDC',1,59,1,1,1,'2024-10-27 13:15:06','2024-10-27 13:15:06'),(275,'26 VDC',1,59,1,0,1,'2024-10-27 13:15:06','2024-10-27 13:15:06'),(276,'28 VDC',1,59,1,0,1,'2024-10-27 13:15:06','2024-10-27 13:15:06'),(277,'24 VAC',1,59,1,0,1,'2024-10-27 13:15:06','2024-10-27 13:15:06'),(278,'28.0 a 28.4 volts con capacidad de generar 1000 amps momentáneo y 300 amps continuos',1,60,1,1,1,'2024-10-27 13:15:06','2024-10-27 13:15:06'),(279,'28.0 a 28.4 volts con capacidad de generar 300 amps momentáneo y 1000 amps continuos',1,60,1,0,1,'2024-10-27 13:15:06','2024-10-27 13:15:06'),(280,'28.0 a 28.5 volts con capacidad de generar 1000 amps momentáneo y 300 amps continuos',1,60,1,0,1,'2024-10-27 13:15:06','2024-10-27 13:15:06'),(281,'28.25 a 28.40 volts con capacidad de generar 1000 amps momentáneo y 300 amps continuos',1,60,1,0,1,'2024-10-27 13:15:06','2024-10-27 13:15:06'),(282,'15.000 lbs.',1,61,1,1,1,'2024-10-27 13:15:06','2024-10-27 13:15:06'),(283,'15.100 lbs.',1,61,1,0,1,'2024-10-27 13:15:06','2024-10-27 13:15:06'),(284,'14.100 lbs.',1,61,1,0,1,'2024-10-27 13:15:06','2024-10-27 13:15:06'),(285,'12.500 lbs.',1,61,1,0,1,'2024-10-27 13:15:06','2024-10-27 13:15:06'),(286,'130. Kias',1,62,1,1,1,'2024-10-27 13:15:06','2024-10-27 13:15:06'),(287,'125. Kias',1,62,1,0,1,'2024-10-27 13:15:06','2024-10-27 13:15:06'),(288,'120. Kias',1,62,1,0,1,'2024-10-27 13:15:06','2024-10-27 13:15:06'),(289,'a y b son correctas',1,62,1,0,1,'2024-10-27 13:15:06','2024-10-27 13:15:06'),(290,'12.500.',1,63,1,1,1,'2024-10-27 13:15:06','2024-10-27 13:15:06'),(291,'16.100.',1,63,1,0,1,'2024-10-27 13:15:06','2024-10-27 13:15:06'),(292,'14.000.',1,63,1,0,1,'2024-10-27 13:15:06','2024-10-27 13:15:06'),(293,'14.100.',1,63,1,0,1,'2024-10-27 13:15:06','2024-10-27 13:15:06'),(294,'300 amp',1,64,1,1,1,'2024-10-27 13:15:06','2024-10-27 13:15:06'),(295,'400 amp',1,64,1,0,1,'2024-10-27 13:15:06','2024-10-27 13:15:06'),(296,'250 amp',1,64,1,0,1,'2024-10-27 13:15:06','2024-10-27 13:15:06'),(297,'200 amp',1,64,1,0,1,'2024-10-27 13:15:06','2024-10-27 13:15:06'),(298,'En el compartimiento de carga.',1,65,1,1,1,'2024-10-27 13:15:06','2024-10-27 13:15:06'),(299,'Del lado derecho en la sección de nariz.',1,65,1,0,1,'2024-10-27 13:15:06','2024-10-27 13:15:06'),(300,'Del lado izquierdo en la sección de nariz',1,65,1,0,1,'2024-10-27 13:15:06','2024-10-27 13:15:06'),(301,'En el medio de la raíz del plano',1,65,1,0,1,'2024-10-27 13:15:06','2024-10-27 13:15:06'),(302,'28 V - 45 amp/hr',1,66,1,1,1,'2024-10-27 13:15:06','2024-10-27 13:15:06'),(303,'24 V - 40 amp/hr',1,66,1,0,1,'2024-10-27 13:15:06','2024-10-27 13:15:06'),(304,'20 V - 40 amp/hr',1,66,1,0,1,'2024-10-27 13:15:06','2024-10-27 13:15:06'),(305,'24 V - 42 amp/hr (34/36 amp/hrs.)',1,66,1,0,1,'2024-10-27 13:15:06','2024-10-27 13:15:06'),(306,'Ejes flexibles',1,67,1,1,1,'2024-10-27 13:15:06','2024-10-27 13:15:06'),(307,'Correas y mangueras',1,67,1,0,1,'2024-10-27 13:15:06','2024-10-27 13:15:06'),(308,'Guayas y poleas',1,67,1,0,1,'2024-10-27 13:15:06','2024-10-27 13:15:06'),(309,'Cadenas y contrapesas',1,67,1,0,1,'2024-10-27 13:15:06','2024-10-27 13:15:06'),(310,'Seis (6) Barras',1,68,1,1,1,'2024-10-27 13:15:06','2024-10-27 13:15:06'),(311,'Cuatro (4) Barras',1,68,1,0,1,'2024-10-27 13:15:06','2024-10-27 13:15:06'),(312,'Cinco (5) Barras',1,68,1,0,1,'2024-10-27 13:15:06','2024-10-27 13:15:06'),(313,'Siete (7) Barras',1,68,1,0,1,'2024-10-27 13:15:06','2024-10-27 13:15:06'),(314,'28 V / 200 amp',1,69,1,1,1,'2024-10-27 13:15:06','2024-10-27 13:15:06'),(315,'24 V / 800 amp',1,69,1,0,1,'2024-10-27 13:15:06','2024-10-27 13:15:06'),(316,'28 V 1700 amp',1,69,1,0,1,'2024-10-27 13:15:06','2024-10-27 13:15:06'),(317,'Ninguna de las anteriores',1,69,1,0,1,'2024-10-27 13:15:06','2024-10-27 13:15:06'),(318,'Regula el voltaje',1,70,1,1,1,'2024-10-27 13:15:06','2024-10-27 13:15:06'),(319,'Protector de corriente alterna',1,70,1,0,1,'2024-10-27 13:15:06','2024-10-27 13:15:06'),(320,'Corte del starter al 46% Ng',1,70,1,0,1,'2024-10-27 13:15:06','2024-10-27 13:15:06'),(321,'Todas las anteriores',1,70,1,0,1,'2024-10-27 13:15:06','2024-10-27 13:15:06'),(322,'Penetración aire turbulento: 170 KIAS.',1,71,1,1,1,'2024-10-27 13:15:06','2024-10-27 13:15:06'),(323,'Máximo viento de cola: 15 KIAS.',1,71,1,1,1,'2024-10-27 13:15:06','2024-10-27 13:15:06'),(324,'Vmca: 89 KIAS.',1,71,1,0,1,'2024-10-27 13:15:06','2024-10-27 13:15:06'),(325,'VLE: 181 KIAS.',1,71,1,0,1,'2024-10-27 13:15:06','2024-10-27 13:15:06'),(326,'60+/- PSI',1,72,1,1,1,'2024-10-27 13:15:06','2024-10-27 13:15:06'),(327,'40 PSI',1,72,1,1,1,'2024-10-27 13:15:06','2024-10-27 13:15:06'),(328,'30% de Torque',1,72,1,0,1,'2024-10-27 13:15:06','2024-10-27 13:15:06'),(329,'70 PSI',1,72,1,0,1,'2024-10-27 13:15:06','2024-10-27 13:15:06'),(330,'ISA + 45',1,73,1,1,1,'2024-10-27 13:15:06','2024-10-27 13:15:06'),(331,'ISA + 37',1,73,1,1,1,'2024-10-27 13:15:06','2024-10-27 13:15:06'),(332,'ISA + 40',1,73,1,0,1,'2024-10-27 13:15:06','2024-10-27 13:15:06'),(333,'ISA + 31',1,73,1,0,1,'2024-10-27 13:15:06','2024-10-27 13:15:06'),(334,'Tres (03) de flujo axial',1,74,1,1,1,'2024-10-27 13:15:06','2024-10-27 13:15:06'),(335,'Una (01) de flujo centrifugo',1,74,1,1,1,'2024-10-27 13:15:06','2024-10-27 13:15:06'),(336,'Dos (02) de flujo axial',1,74,1,0,1,'2024-10-27 13:15:06','2024-10-27 13:15:06'),(337,'Dos (02) de flujo centrifugo',1,74,1,0,1,'2024-10-27 13:15:06','2024-10-27 13:15:06'),(338,'3.10 gravedades positivas',1,75,1,1,1,'2024-10-27 13:15:06','2024-10-27 13:15:06'),(339,'2.O gravedades positivas',1,75,1,1,1,'2024-10-27 13:15:06','2024-10-27 13:15:06'),(340,'1.27 gravedades negativas',1,75,1,0,1,'2024-10-27 13:15:06','2024-10-27 13:15:06'),(341,'1.24 gravedades negativas',1,75,1,0,1,'2024-10-27 13:15:06','2024-10-27 13:15:06'),(342,'1.600 min.',1,76,1,1,1,'2024-10-27 13:15:06','2024-10-27 13:15:06'),(343,'1.450 min.',1,76,1,1,1,'2024-10-27 13:15:06','2024-10-27 13:15:06'),(344,'2.000 max.',1,76,1,0,1,'2024-10-27 13:15:06','2024-10-27 13:15:06'),(345,'1.700 max.',1,76,1,0,1,'2024-10-27 13:15:06','2024-10-27 13:15:06'),(346,'Con una temperatura externa sea de +5°C o menor.',1,77,1,1,1,'2024-10-27 13:15:06','2024-10-27 13:15:06'),(347,'En presencia de humedad visible.',1,77,1,1,1,'2024-10-27 13:15:06','2024-10-27 13:15:06'),(348,'Cuando lo indique la luz anunciadora.',1,77,1,0,1,'2024-10-27 13:15:06','2024-10-27 13:15:06'),(349,'Cuando las botas de deshielo lo indiquen.',1,77,1,0,1,'2024-10-27 13:15:06','2024-10-27 13:15:06'),(350,'Fuel cutoff',1,78,1,1,1,'2024-10-27 13:15:06','2024-10-27 13:15:06'),(351,'Low idle',1,78,1,1,1,'2024-10-27 13:15:06','2024-10-27 13:15:06'),(352,'High idle',1,78,1,0,1,'2024-10-27 13:15:06','2024-10-27 13:15:06'),(353,'a y c son correctas',1,78,1,0,1,'2024-10-27 13:15:06','2024-10-27 13:15:06'),(354,'Una batería.',1,79,1,1,1,'2024-10-27 13:15:06','2024-10-27 13:15:06'),(355,'Dos (02) generadores volta de 26.5 volts.',1,79,1,1,1,'2024-10-27 13:15:06','2024-10-27 13:15:06'),(356,'Dos (02) Starter generadores.',1,79,1,0,1,'2024-10-27 13:15:06','2024-10-27 13:15:06'),(357,'Una batería stanby.',1,79,1,0,1,'2024-10-27 13:15:06','2024-10-27 13:15:06'),(358,'Extensión 200 kias.',1,80,1,1,1,'2024-10-27 13:15:06','2024-10-27 13:15:06'),(359,'Extensión 181 kias.',1,80,1,1,1,'2024-10-27 13:15:06','2024-10-27 13:15:06'),(360,'Retracción 163 kias.',1,80,1,0,1,'2024-10-27 13:15:06','2024-10-27 13:15:06'),(361,'Retracción 173 kias.',1,80,1,0,1,'2024-10-27 13:15:06','2024-10-27 13:15:06'),(362,'Extensión 200 KIAS',1,81,1,1,1,'2024-10-27 13:15:06','2024-10-27 13:15:06'),(363,'Retracción 163 KIAS',1,81,1,1,1,'2024-10-27 13:15:06','2024-10-27 13:15:06'),(364,'Extensión 181 KIAS',1,81,1,0,1,'2024-10-27 13:15:06','2024-10-27 13:15:06'),(365,'Retracción 173 KIAS',1,81,1,0,1,'2024-10-27 13:15:06','2024-10-27 13:15:06'),(366,'Extensión 200 KIAS',1,82,1,1,1,'2024-10-27 13:15:06','2024-10-27 13:15:06'),(367,'Retracción 163 KIAS',1,82,1,1,1,'2024-10-27 13:15:06','2024-10-27 13:15:06'),(368,'Verdadero',1,83,1,1,1,'2024-10-27 13:15:06','2024-10-27 13:15:06'),(369,'Falso',1,83,1,0,1,'2024-10-27 13:15:06','2024-10-27 13:15:06'),(370,'Verdadero',1,84,1,1,1,'2024-10-27 13:15:06','2024-10-27 13:15:06'),(371,'Falso',1,84,1,0,1,'2024-10-27 13:15:06','2024-10-27 13:15:06'),(372,'Verdadero',1,85,1,1,1,'2024-10-27 13:15:06','2024-10-27 13:15:06'),(373,'Falso',1,85,1,0,1,'2024-10-27 13:15:06','2024-10-27 13:15:06'),(374,'Verdadero',1,86,1,1,1,'2024-10-27 13:15:06','2024-10-27 13:15:06'),(375,'Falso',1,86,1,0,1,'2024-10-27 13:15:06','2024-10-27 13:15:06'),(376,'Verdadero',1,87,1,1,1,'2024-10-27 13:15:06','2024-10-27 13:15:06'),(377,'Falso',1,87,1,0,1,'2024-10-27 13:15:06','2024-10-27 13:15:06'),(380,'Verdadero',1,88,1,1,1,'2024-10-27 13:15:06','2024-10-27 13:15:06'),(381,'Falso',1,88,1,0,1,'2024-10-27 13:15:06','2024-10-27 13:15:06'),(383,'Extensión 181 KIAS',1,82,1,0,1,'2024-10-27 13:15:06','2024-10-27 13:15:06'),(384,'Extensión 181 KIAS',1,82,1,0,1,'2024-10-27 13:15:06','2024-10-27 13:15:06'),(385,'Oxygen Mask(s) DOM',1,89,1,1,1,'2024-10-27 13:15:06','2024-10-27 13:15:06'),(386,'Mask Selector Switch EMERG POSITION',1,89,1,1,1,'2024-10-27 13:15:06','2024-10-27 13:15:06'),(387,'Headset(s) DOM,  OR AUDIO SPEAKER(S) - ON',1,89,1,1,1,'2024-10-27 13:15:06','2024-10-27 13:15:06'),(388,'Mic Switch(es) OXYGEN MASK (100% position)',1,89,1,1,1,'2024-10-27 13:15:06','2024-10-27 13:15:06'),(389,'Condition Lever FUEL CUTOFF',1,90,1,1,1,'2024-10-27 13:15:06','2024-10-27 13:15:06'),(390,'Firewall Shutoff Valve CLOSE',1,90,1,1,1,'2024-10-27 13:15:06','2024-10-27 13:15:06'),(391,'Ignition And Engine Start STARTER ONLY',1,90,1,1,1,'2024-10-27 13:15:06','2024-10-27 13:15:06'),(392,'Fire Extinguisher (if installed) ACTUATE',1,90,1,1,1,'2024-10-27 13:15:06','2024-10-27 13:15:06'),(393,'Attitude MAINTAIN USING ELEVATOR CONTROL',1,91,1,1,1,'2024-10-27 13:15:06','2024-10-27 13:15:06'),(394,'A/P Trim Disconnect Switch DEPRESSED FULLY',1,91,1,1,1,'2024-10-27 13:15:06','2024-10-27 13:15:06'),(395,'28 voltios, 24 amperios-hora',2,92,2,1,1,'2024-10-27 13:15:06','2024-10-27 13:15:06'),(396,'24 voltios, 34/36 amperios-hora',2,92,2,0,1,'2024-10-27 13:15:06','2024-10-27 13:15:06'),(397,'28 voltios, 34/36 amperios-hora',2,92,2,0,1,'2024-10-27 13:15:06','2024-10-27 13:15:06'),(398,'24 voltios, 42 amperios-hora',2,92,2,0,1,'2024-10-27 13:15:06','2024-10-27 13:15:06'),(399,'Mueva el interruptor a APAGADO y luego a ENCENDIDO.',2,93,2,1,1,'2024-10-27 13:15:06','2024-10-27 13:15:06'),(400,'Mantenga presionado el interruptor en RESET durante un segundo y suéltelo en ON',2,93,2,0,1,'2024-10-27 13:15:06','2024-10-27 13:15:06'),(401,'Mueva el interruptor a ON',2,93,2,0,1,'2024-10-27 13:15:06','2024-10-27 13:15:06'),(402,'Mantenga el interruptor en ON durante un segundo.',2,93,2,0,1,'2024-10-27 13:15:06','2024-10-27 13:15:06'),(403,'En la sección central del ala izquierda',2,94,2,1,1,'2024-10-27 13:15:06','2024-10-27 13:15:06'),(404,'En el compartimento de popa',2,94,2,0,1,'2024-10-27 13:15:06','2024-10-27 13:15:06'),(405,'En la sección central del ala derecha',2,94,2,0,1,'2024-10-27 13:15:06','2024-10-27 13:15:06'),(406,'En el compartimento de la nariz',2,94,2,0,1,'2024-10-27 13:15:06','2024-10-27 13:15:06'),(407,'+5 °C',2,95,2,1,1,'2024-10-27 13:15:06','2024-10-27 13:15:06'),(408,'130 KTS',2,95,2,1,1,'2024-10-27 13:15:06','2024-10-27 13:15:06'),(409,'15 °C',2,95,2,0,1,'2024-10-27 13:15:06','2024-10-27 13:15:06'),(410,'160 KTS.',2,95,2,0,1,'2024-10-27 13:15:06','2024-10-27 13:15:06'),(411,'Verdadero',2,96,2,1,1,'2024-10-27 13:15:06','2024-10-27 13:15:06'),(412,'Falso',2,96,2,0,1,'2024-10-27 13:15:06','2024-10-27 13:15:06'),(413,'Power GROUND FINE',2,97,2,1,1,'2024-10-27 13:15:06','2024-10-27 13:15:06'),(414,'Brakes AS REQUIRED TO ACHIEVE STOPPING DISTANCE',2,97,2,1,1,'2024-10-27 13:15:06','2024-10-27 13:15:06'),(415,'Operative Engine MAXIMUM REVERSE',2,97,2,1,1,'2024-10-27 13:15:06','2024-10-27 13:15:06'),(416,'Power MAXIMUM ALLOWABLE',2,98,2,1,1,'2024-10-27 13:15:06','2024-10-27 13:15:06'),(417,'Airspeed MAINTAIN (Takeoff Speed or Above)',2,98,2,1,1,'2024-10-27 13:15:06','2024-10-27 13:15:06'),(418,'Landing Gear UP',2,98,2,1,1,'2024-10-27 13:15:06','2024-10-27 13:15:06'),(419,'Prop Lever (Inoperative Engine) FEATHER',2,98,2,1,1,'2024-10-27 13:15:06','2024-10-27 13:15:06'),(420,'Airspeed (After Obstacle Clearance Altitude Reached) VYSE',2,98,2,1,1,'2024-10-27 13:15:06','2024-10-27 13:15:06'),(421,'Condition Lever FUEL CUTOFF',2,99,2,1,1,'2024-10-27 13:15:06','2024-10-27 13:15:06'),(422,'Prop Lever FEATHER',2,99,2,1,1,'2024-10-27 13:15:06','2024-10-27 13:15:06'),(423,'Firewall Shutoff Valve CLOSE',2,99,2,1,1,'2024-10-27 13:15:06','2024-10-27 13:15:06'),(424,'Fire Extinguisher (If Installed)(If Fire Warning Persists) ACTUATE',2,99,2,1,1,'2024-10-27 13:15:06','2024-10-27 13:15:06'),(425,'Power Levers IDLE',2,100,2,1,1,'2024-10-27 13:15:06','2024-10-27 13:15:06'),(426,'Prop Levers FULL FORWARD',2,100,2,1,1,'2024-10-27 13:15:06','2024-10-27 13:15:06'),(427,'Flaps (200 Knots Maximum) APPROACH',2,100,2,1,1,'2024-10-27 13:15:06','2024-10-27 13:15:06'),(428,'Landing Gear (181 Knots Maximum) DN',2,100,2,1,1,'2024-10-27 13:15:06','2024-10-27 13:15:06'),(429,'Airspeed 181 KNOTS MAXIMUM',2,100,2,1,1,'2024-10-27 13:15:06','2024-10-27 13:15:06'),(430,'Verdadero',2,101,2,1,1,'2024-10-27 13:15:06','2024-10-27 13:15:06'),(431,'Falso',2,101,2,0,1,'2024-10-27 13:15:06','2024-10-27 13:15:06'),(432,'Verdadero',2,102,2,1,1,'2024-10-27 13:15:06','2024-10-27 13:15:06'),(433,'Falso',2,102,2,0,1,'2024-10-27 13:15:06','2024-10-27 13:15:06'),(434,'Verdadero',2,103,2,1,1,'2024-10-27 13:15:06','2024-10-27 13:15:06'),(435,'Falso',2,103,2,0,1,'2024-10-27 13:15:06','2024-10-27 13:15:06'),(436,'DE 100 A 1200 °C.',2,104,2,1,1,'2024-10-27 13:15:06','2024-10-27 13:15:06'),(437,'DE 200 A 1200 °C.',2,104,2,1,1,'2024-10-27 13:15:06','2024-10-27 13:15:06'),(438,'DE 0 A 2500 LBS/PIES.',2,104,2,0,1,'2024-10-27 13:15:06','2024-10-27 13:15:06'),(439,'DE 0 A 2200 LBS/PIES',2,104,2,0,1,'2024-10-27 13:15:06','2024-10-27 13:15:06'),(440,'La luz de AUTOFEATHER titila al caer la potencia de 400 LBS.',2,105,2,1,1,'2024-10-27 13:15:06','2024-10-27 13:15:06'),(441,'Se embanderará la hélice al caer la potencia por debajo de 200 LBS.',2,105,2,0,1,'2024-10-27 13:15:06','2024-10-27 13:15:06'),(442,'La luz de AUTOFEATHER del motor contrario se apaga al caer la potencia por debajo de 400 LBS.',2,105,2,0,1,'2024-10-27 13:15:06','2024-10-27 13:15:06'),(443,'La luz de AUTOFEATHER del mismo motor se apaga al caer la potencia por debajo de 400 LBS.',2,105,2,0,1,'2024-10-27 13:15:06','2024-10-27 13:15:06'),(444,'3.17 gravedades positivas',2,106,2,1,1,'2024-10-27 13:15:06','2024-10-27 13:15:06'),(445,'2.0 gravedades positivas',2,106,2,0,1,'2024-10-27 13:15:06','2024-10-27 13:15:06'),(446,'1.27 gravedades negativas',2,106,2,0,1,'2024-10-27 13:15:06','2024-10-27 13:15:06'),(447,'1.17 gravedades negativas',2,106,2,0,1,'2024-10-27 13:15:06','2024-10-27 13:15:06'),(448,'Apague el interruptor de la batería.',2,107,2,1,1,'2024-10-27 13:15:06','2024-10-27 13:15:06'),(449,'Reducir la carga eléctrica',2,107,2,0,1,'2024-10-27 13:15:06','2024-10-27 13:15:06'),(450,'Aislar el bus de la batería.',2,107,2,0,1,'2024-10-27 13:15:06','2024-10-27 13:15:06'),(451,'Reiniciar el anunciador',2,107,2,0,1,'2024-10-27 13:15:06','2024-10-27 13:15:06'),(452,'30 voltios, 200 amperios',2,108,2,1,1,'2024-10-27 13:15:06','2024-10-27 13:15:06'),(453,'24 voltios, 300 amperios',2,108,2,0,1,'2024-10-27 13:15:06','2024-10-27 13:15:06'),(454,'28 voltios, 250 amperios',2,108,2,0,1,'2024-10-27 13:15:06','2024-10-27 13:15:06'),(455,'32 voltios, 250 amperios',2,108,2,0,1,'2024-10-27 13:15:06','2024-10-27 13:15:06'),(456,'Debajo de una barra colectiva en el panel superior',2,109,2,1,1,'2024-10-27 13:15:06','2024-10-27 13:15:06'),(457,'En el panel de instrumentos central',2,109,2,0,1,'2024-10-27 13:15:06','2024-10-27 13:15:06'),(458,'Debajo de una barra de distribución en el subpanel izquierdo del piloto',2,109,2,0,1,'2024-10-27 13:15:06','2024-10-27 13:15:06'),(459,'En el subpanel del copiloto',2,109,2,0,1,'2024-10-27 13:15:06','2024-10-27 13:15:06'),(460,'RESET',2,110,2,1,1,'2024-10-27 13:15:06','2024-10-27 13:15:06'),(461,'ENCENDIDO',2,110,2,0,1,'2024-10-27 13:15:06','2024-10-27 13:15:06'),(462,'APAGADO',2,110,2,0,1,'2024-10-27 13:15:06','2024-10-27 13:15:06'),(463,'Una luz ámbar DC GEN está encendida',2,111,2,1,1,'2024-10-27 13:15:06','2024-10-27 13:15:06'),(464,'No hay indicaciones presentes',2,111,2,0,1,'2024-10-27 13:15:06','2024-10-27 13:15:06'),(465,'Una luz verde DC GEN está encendida',2,111,2,0,1,'2024-10-27 13:15:06','2024-10-27 13:15:06'),(466,'Una luz roja DC GEN está encendida',2,111,2,0,1,'2024-10-27 13:15:06','2024-10-27 13:15:06'),(467,'Bajo el ala izquierda',2,112,2,1,1,'2024-10-27 13:15:06','2024-10-27 13:15:06'),(468,'En la parte trasera izquierda del fuselaje.',2,112,2,0,1,'2024-10-27 13:15:06','2024-10-27 13:15:06'),(469,'Debajo del ala derecha, fuera de borda de la góndola del motor',2,112,2,0,1,'2024-10-27 13:15:06','2024-10-27 13:15:06'),(470,'En el fuselaje delantero derecho',2,112,2,0,1,'2024-10-27 13:15:06','2024-10-27 13:15:06'),(471,'100 amperios',2,113,2,1,1,'2024-10-27 13:15:06','2024-10-27 13:15:06'),(472,'300 amperios',2,113,2,0,1,'2024-10-27 13:15:06','2024-10-27 13:15:06'),(473,'800 amperios',2,113,2,0,1,'2024-10-27 13:15:06','2024-10-27 13:15:06'),(474,'1.000 amperios',2,113,2,0,1,'2024-10-27 13:15:06','2024-10-27 13:15:06'),(475,'1000',2,114,2,1,1,'2024-10-27 13:15:06','2024-10-27 13:15:06'),(476,'-40 (min)',2,114,2,1,1,'2024-10-27 13:15:06','2024-10-27 13:15:06'),(477,'750',2,114,2,1,1,'2024-10-27 13:15:06','2024-10-27 13:15:06'),(478,'21000',2,114,2,1,1,'2024-10-27 13:15:06','2024-10-27 13:15:06'),(479,'56 (min)',2,114,2,1,1,'2024-10-27 13:15:06','2024-10-27 13:15:06'),(480,'60 (min)',2,114,2,1,1,'2024-10-27 13:15:06','2024-10-27 13:15:06'),(481,'-40 a 99',2,114,2,1,1,'2024-10-27 13:15:06','2024-10-27 13:15:06'),(482,'-40 a 99',2,114,2,1,1,'2024-10-27 13:15:06','2024-10-27 13:15:06'),(483,'850',2,114,2,1,1,'2024-10-27 13:15:06','2024-10-27 13:15:06'),(484,'2230',2,114,2,1,1,'2024-10-27 13:15:06','2024-10-27 13:15:06'),(485,'800',2,114,2,1,1,'2024-10-27 13:15:06','2024-10-27 13:15:06'),(486,'38100',2,114,2,1,1,'2024-10-27 13:15:06','2024-10-27 13:15:06'),(487,'101.5',2,114,2,1,1,'2024-10-27 13:15:06','2024-10-27 13:15:06'),(488,'2000',2,114,2,1,1,'2024-10-27 13:15:06','2024-10-27 13:15:06'),(489,'100 a 135',2,114,2,1,1,'2024-10-27 13:15:06','2024-10-27 13:15:06'),(490,'0 a 99',2,114,2,1,1,'2024-10-27 13:15:06','2024-10-27 13:15:06'),(491,'850',2,114,2,1,1,'2024-10-27 13:15:06','2024-10-27 13:15:06'),(492,'2230',2,114,2,1,1,'2024-10-27 13:15:06','2024-10-27 13:15:06'),(493,'800',2,114,2,1,1,'2024-10-27 13:15:06','2024-10-27 13:15:06'),(494,'38100',2,114,2,1,1,'2024-10-27 13:15:06','2024-10-27 13:15:06'),(495,'101.5',2,114,2,1,1,'2024-10-27 13:15:06','2024-10-27 13:15:06'),(496,'2000',2,114,2,1,1,'2024-10-27 13:15:06','2024-10-27 13:15:06'),(497,'100 a 135',2,114,2,1,1,'2024-10-27 13:15:06','2024-10-27 13:15:06'),(498,'0 a 99',2,114,2,1,1,'2024-10-27 13:15:06','2024-10-27 13:15:06'),(499,'850',2,114,2,1,1,'2024-10-27 13:15:06','2024-10-27 13:15:06'),(500,'2230',2,114,2,1,1,'2024-10-27 13:15:06','2024-10-27 13:15:06'),(501,'770',2,114,2,1,1,'2024-10-27 13:15:06','2024-10-27 13:15:06'),(502,'38100',2,114,2,1,1,'2024-10-27 13:15:06','2024-10-27 13:15:06'),(503,'101.5',2,114,2,1,1,'2024-10-27 13:15:06','2024-10-27 13:15:06'),(504,'2000',2,114,2,1,1,'2024-10-27 13:15:06','2024-10-27 13:15:06'),(505,'100 a 135',2,114,2,1,1,'2024-10-27 13:15:06','2024-10-27 13:15:06'),(506,'0 a 99',2,114,2,1,1,'2024-10-27 13:15:06','2024-10-27 13:15:06'),(507,'850',2,114,2,1,1,'2024-10-27 13:15:06','2024-10-27 13:15:06'),(508,'750',2,114,2,1,1,'2024-10-27 13:15:06','2024-10-27 13:15:06'),(509,'88',2,114,2,1,1,'2024-10-27 13:15:06','2024-10-27 13:15:06'),(510,'1900',2,114,2,1,1,'2024-10-27 13:15:06','2024-10-27 13:15:06'),(511,'100 a 135',2,114,2,1,1,'2024-10-27 13:15:06','2024-10-27 13:15:06'),(512,'0 a 99',2,114,2,1,1,'2024-10-27 13:15:06','2024-10-27 13:15:06'),(513,'2750',2,114,2,1,1,'2024-10-27 13:15:06','2024-10-27 13:15:06'),(514,'850',2,114,2,1,1,'2024-10-27 13:15:06','2024-10-27 13:15:06'),(515,'38500',2,114,2,1,1,'2024-10-27 13:15:06','2024-10-27 13:15:06'),(516,'102.6',2,114,2,1,1,'2024-10-27 13:15:06','2024-10-27 13:15:06'),(517,'2200',2,114,2,1,1,'2024-10-27 13:15:06','2024-10-27 13:15:06'),(518,'0 a 104',2,114,2,1,1,'2024-10-27 13:15:06','2024-10-27 13:15:06'),(519,'Un tono audible',2,115,2,1,1,'2024-10-27 13:15:06','2024-10-27 13:15:06'),(520,'Una luz EXT PWR',2,115,2,0,1,'2024-10-27 13:15:06','2024-10-27 13:15:06'),(521,'Una luz de advertencia maestra',2,115,2,0,1,'2024-10-27 13:15:06','2024-10-27 13:15:06'),(522,'Medidores de generador fluctuantes',2,115,2,0,1,'2024-10-27 13:15:06','2024-10-27 13:15:06'),(523,'1',2,116,2,1,1,'2024-10-27 13:15:06','2024-10-27 13:15:06'),(524,'2',2,116,2,0,1,'2024-10-27 13:15:06','2024-10-27 13:15:06'),(525,'3',2,116,2,0,1,'2024-10-27 13:15:06','2024-10-27 13:15:06'),(526,'4',2,116,2,0,1,'2024-10-27 13:15:06','2024-10-27 13:15:06'),(527,'28 voltios',2,117,2,1,1,'2024-10-27 13:15:06','2024-10-27 13:15:06'),(528,'24 voltios',2,117,2,0,1,'2024-10-27 13:15:06','2024-10-27 13:15:06'),(529,'22 voltios',2,117,2,0,1,'2024-10-27 13:15:06','2024-10-27 13:15:06'),(530,'20 voltios',2,117,2,0,1,'2024-10-27 13:15:06','2024-10-27 13:15:06'),(531,'28 voltios y 26 voltios, 400 Hz',2,118,2,1,1,'2024-10-27 13:15:06','2024-10-27 13:15:06'),(532,'24 voltios y 130 voltios, 60 Hz',2,118,2,0,1,'2024-10-27 13:15:06','2024-10-27 13:15:06'),(533,'115 voltios y 26 voltios, 400 Hz',2,118,2,0,1,'2024-10-27 13:15:06','2024-10-27 13:15:06'),(534,'30 voltios y 115 voltios, 120 Hz',2,118,2,0,1,'2024-10-27 13:15:06','2024-10-27 13:15:06'),(535,'Para cargar la batería',2,119,2,1,1,'2024-10-27 13:15:06','2024-10-27 13:15:06'),(536,'Para energizar las unidades de control del generador (GCU)',2,119,2,0,1,'2024-10-27 13:15:06','2024-10-27 13:15:06'),(537,'Para alimentar los voltímetros',2,119,2,0,1,'2024-10-27 13:15:06','2024-10-27 13:15:06'),(538,'Para proteger contra picos de voltaje',2,119,2,0,1,'2024-10-27 13:15:06','2024-10-27 13:15:06'),(539,'En el subpanel derecho del copiloto',2,120,2,1,1,'2024-10-27 13:15:06','2024-10-27 13:15:06'),(540,'En el panel superior',2,120,2,0,1,'2024-10-27 13:15:06','2024-10-27 13:15:06'),(541,'En el panel lateral derecho del copiloto',2,120,2,0,1,'2024-10-27 13:15:06','2024-10-27 13:15:06'),(542,'En el subpanel izquierdo del piloto.',2,120,2,0,1,'2024-10-27 13:15:06','2024-10-27 13:15:06'),(543,'35 voltios',2,121,2,1,1,'2024-10-27 13:15:06','2024-10-27 13:15:06'),(544,'30 voltios',2,121,2,0,1,'2024-10-27 13:15:06','2024-10-27 13:15:06'),(545,'25 voltios',2,121,2,0,1,'2024-10-27 13:15:06','2024-10-27 13:15:06'),(546,'24 voltios',2,121,2,0,1,'2024-10-27 13:15:06','2024-10-27 13:15:06'),(547,'25% (0,25)',2,122,2,1,1,'2024-10-27 13:15:06','2024-10-27 13:15:06'),(548,'50% (0,50)',2,122,2,0,1,'2024-10-27 13:15:06','2024-10-27 13:15:06'),(549,'75% (.75)',2,122,2,0,1,'2024-10-27 13:15:06','2024-10-27 13:15:06'),(550,'100% (1,00)',2,122,2,0,1,'2024-10-27 13:15:06','2024-10-27 13:15:06'),(551,'Tire del disyuntor de la batería.',2,123,2,1,1,'2024-10-27 13:15:06','2024-10-27 13:15:06'),(552,'Reinicie el interruptor de BATERÍA',2,123,2,0,1,'2024-10-27 13:15:06','2024-10-27 13:15:06'),(553,'Apague un generador',2,123,2,0,1,'2024-10-27 13:15:06','2024-10-27 13:15:06'),(554,'Aterrizar en el aeropuerto adecuado más cercano',2,123,2,0,1,'2024-10-27 13:15:06','2024-10-27 13:15:06'),(555,'40 segundos ENCENDIDO, 60 segundos APAGADO',2,124,2,1,1,'2024-10-27 13:15:06','2024-10-27 13:15:06'),(556,'10 segundos ENCENDIDO, 30 segundos APAGADO',2,124,2,0,1,'2024-10-27 13:15:06','2024-10-27 13:15:06'),(557,'20 segundos ENCENDIDO, 60 segundos APAGADO',2,124,2,0,1,'2024-10-27 13:15:06','2024-10-27 13:15:06'),(558,'15 segundos ENCENDIDO, 50 segundos APAGADO',2,124,2,0,1,'2024-10-27 13:15:06','2024-10-27 13:15:06'),(559,'Subpanel derecho del piloto',2,125,2,1,1,'2024-10-27 13:15:06','2024-10-27 13:15:06'),(560,'Panel superior ',2,125,2,0,1,'2024-10-27 13:15:06','2024-10-27 13:15:06'),(561,'Subpanel izquierdo del copiloto ',2,125,2,0,1,'2024-10-27 13:15:06','2024-10-27 13:15:06'),(562,'Panel lateral del piloto',2,125,2,0,1,'2024-10-27 13:15:06','2024-10-27 13:15:06'),(563,'Autobús de doble alimentación nº 1',2,126,2,1,1,'2024-10-27 13:15:06','2024-10-27 13:15:06'),(564,'Autobús con batería caliente',2,126,2,0,1,'2024-10-27 13:15:06','2024-10-27 13:15:06'),(565,'Autobús de doble alimentación nº 2',2,126,2,0,1,'2024-10-27 13:15:06','2024-10-27 13:15:06'),(566,'Autobús de aislamiento',2,126,2,0,1,'2024-10-27 13:15:06','2024-10-27 13:15:06'),(567,'Justo dentro y detrás del marco de la puerta de la escalera de aire.',2,127,2,1,1,'2024-10-27 13:15:06','2024-10-27 13:15:06'),(568,'Dentro del compartimento de equipaje',2,127,2,0,1,'2024-10-27 13:15:06','2024-10-27 13:15:06'),(569,'En el panel superior',2,127,2,0,1,'2024-10-27 13:15:06','2024-10-27 13:15:06'),(570,'En el subpanel izquierdo del piloto.',2,127,2,0,1,'2024-10-27 13:15:06','2024-10-27 13:15:06'),(571,'Automáticamente cuando se cierran las puertas del tren',2,128,2,1,1,'2024-10-27 13:15:06','2024-10-27 13:15:06'),(572,'Automáticamente cuando el avión despega.',2,128,2,0,1,'2024-10-27 13:15:06','2024-10-27 13:15:06'),(573,'Apagando los interruptores de las luces de ATERRIZAJE',2,128,2,0,1,'2024-10-27 13:15:06','2024-10-27 13:15:06'),(574,'Apagando el interruptor de la luz TAXI',2,128,2,0,1,'2024-10-27 13:15:06','2024-10-27 13:15:06'),(575,'Con un interruptor justo detrás del marco de la puerta.',2,129,2,1,1,'2024-10-27 13:15:06','2024-10-27 13:15:06'),(576,'Automáticamente, cuando se apaga el interruptor de la batería.',2,129,2,0,1,'2024-10-27 13:15:06','2024-10-27 13:15:06'),(577,'Con un interruptor en el subpanel derecho del piloto.',2,129,2,0,1,'2024-10-27 13:15:06','2024-10-27 13:15:06'),(578,'Automáticamente, cuando se abre la puerta de la escalera de aire y se enciende el interruptor de umbral',2,129,2,0,1,'2024-10-27 13:15:06','2024-10-27 13:15:06'),(579,'En el exterior de las nacelas del motor.',2,130,2,1,1,'2024-10-27 13:15:06','2024-10-27 13:15:06'),(580,'En la raíz del ala',2,130,2,0,1,'2024-10-27 13:15:06','2024-10-27 13:15:06'),(581,'En la nariz',2,130,2,0,1,'2024-10-27 13:15:06','2024-10-27 13:15:06'),(582,'A cada lado del fuselaje',2,130,2,0,1,'2024-10-27 13:15:06','2024-10-27 13:15:06'),(583,'En el panel superior',2,131,2,1,1,'2024-10-27 13:15:06','2024-10-27 13:15:06'),(584,'En el panel lateral del copiloto',2,131,2,0,1,'2024-10-27 13:15:06','2024-10-27 13:15:06'),(585,'En el subpanel derecho del piloto.',2,131,2,0,1,'2024-10-27 13:15:06','2024-10-27 13:15:06'),(586,'En el panel lateral del piloto.',2,131,2,0,1,'2024-10-27 13:15:06','2024-10-27 13:15:06'),(587,'Para controlar la energía de todas las luces del panel de la cabina.',2,132,2,1,1,'2024-10-27 13:15:06','2024-10-27 13:15:06'),(588,'Para apagar todas las luces de la cabina.',2,132,2,0,1,'2024-10-27 13:15:06','2024-10-27 13:15:06'),(589,'Intensificar todas las luces del panel de cabina.',2,132,2,0,1,'2024-10-27 13:15:06','2024-10-27 13:15:06'),(590,'Para apagar todas las luces',2,132,2,0,1,'2024-10-27 13:15:06','2024-10-27 13:15:06'),(591,'En cada punta de ala',2,133,2,1,1,'2024-10-27 13:15:06','2024-10-27 13:15:06'),(592,'En la zona del morro del fuselaje.',2,133,2,0,1,'2024-10-27 13:15:06','2024-10-27 13:15:06'),(593,'En cada raíz del ala',2,133,2,0,1,'2024-10-27 13:15:06','2024-10-27 13:15:06'),(594,'En el estabilizador vertical',2,133,2,0,1,'2024-10-27 13:15:06','2024-10-27 13:15:06'),(595,'Incrementa el TORQUE, disminuye la ITT.',2,134,2,1,1,'2024-10-27 13:15:06','2024-10-27 13:15:06'),(596,'Incrementa la ITT, disminuye el TORQUE.',2,134,2,0,1,'2024-10-27 13:15:06','2024-10-27 13:15:06'),(597,'La N1 queda fija, disminuye la ITT.',2,134,2,0,1,'2024-10-27 13:15:06','2024-10-27 13:15:06'),(598,'Incrementa la N1, disminuye la ITT.',2,134,2,0,1,'2024-10-27 13:15:06','2024-10-27 13:15:06'),(599,'145 KIAS',2,135,2,1,1,'2024-10-27 13:15:06','2024-10-27 13:15:06'),(600,'125 KIAS',2,135,2,0,1,'2024-10-27 13:15:06','2024-10-27 13:15:06'),(601,'135 KIAS',2,135,2,0,1,'2024-10-27 13:15:06','2024-10-27 13:15:06'),(602,'138 KIAS',2,135,2,0,1,'2024-10-27 13:15:06','2024-10-27 13:15:06'),(603,'28 VOLT 300 AMP',2,136,2,1,1,'2024-10-27 13:15:06','2024-10-27 13:15:06'),(604,'24 VOLT 34 AMP',2,136,2,0,1,'2024-10-27 13:15:06','2024-10-27 13:15:06'),(605,'24 VOLT 400 AMP',2,136,2,0,1,'2024-10-27 13:15:06','2024-10-27 13:15:06'),(606,'28 VOLT 34 AMP',2,136,2,0,1,'2024-10-27 13:15:06','2024-10-27 13:15:06'),(607,'1000°C POR 10 SEG',2,137,2,1,1,'2024-10-27 13:15:06','2024-10-27 13:15:06'),(608,'1000°C POR 5 SEG',2,137,2,0,1,'2024-10-27 13:15:06','2024-10-27 13:15:06'),(609,'740°C POR 5 SEG',2,137,2,0,1,'2024-10-27 13:15:06','2024-10-27 13:15:06'),(610,'900°C 5SEG',2,137,2,0,1,'2024-10-27 13:15:06','2024-10-27 13:15:06'),(611,'En la sección central del plano izquierdo.',2,138,2,1,1,'2024-10-27 13:15:06','2024-10-27 13:15:06'),(612,'En el compartimento trasero.',2,138,2,0,1,'2024-10-27 13:15:06','2024-10-27 13:15:06'),(613,'En la sección central del plano derecho.',2,138,2,0,1,'2024-10-27 13:15:06','2024-10-27 13:15:06'),(614,'En el compartimento de la nariz.',2,138,2,0,1,'2024-10-27 13:15:06','2024-10-27 13:15:06'),(615,'1',2,139,2,1,1,'2024-10-27 13:15:06','2024-10-27 13:15:06'),(616,'0.88',2,139,2,0,1,'2024-10-27 13:15:06','2024-10-27 13:15:06'),(617,'0.85',2,139,2,0,1,'2024-10-27 13:15:06','2024-10-27 13:15:06'),(618,'0.5',2,139,2,0,1,'2024-10-27 13:15:06','2024-10-27 13:15:06'),(619,'Carrete doble, flujo recto, generador a gas.',2,140,2,1,1,'2024-10-27 13:15:06','2024-10-27 13:15:06'),(620,'Carrete simple, tipo axial, generador a gas. ',2,140,2,0,1,'2024-10-27 13:15:06','2024-10-27 13:15:06'),(621,'Flujo reverso, eje simple, turbohélice.',2,140,2,0,1,'2024-10-27 13:15:06','2024-10-27 13:15:06'),(622,'Flujo  reverso, turbina libre, turbohélice.',2,140,2,0,1,'2024-10-27 13:15:06','2024-10-27 13:15:06'),(623,'20.000 Pies.',2,141,2,1,1,'2024-10-27 13:15:06','2024-10-27 13:15:06'),(624,'22.000 Pies.',2,141,2,0,1,'2024-10-27 13:15:06','2024-10-27 13:15:06'),(625,'17.000 Pies.',2,141,2,0,1,'2024-10-27 13:15:06','2024-10-27 13:15:06'),(626,'19.000 Pies.',2,141,2,0,1,'2024-10-27 13:15:06','2024-10-27 13:15:06'),(627,'3611 libras',2,142,2,1,1,'2024-10-27 13:15:06','2024-10-27 13:15:06'),(628,'540 galones americanos',2,142,2,0,1,'2024-10-27 13:15:06','2024-10-27 13:15:06'),(629,'3800 libras',2,142,2,0,1,'2024-10-27 13:15:06','2024-10-27 13:15:06'),(630,'538 galones americanos',2,142,2,0,1,'2024-10-27 13:15:06','2024-10-27 13:15:06'),(631,'200 Kias',2,143,2,1,1,'2024-10-27 13:15:06','2024-10-27 13:15:06'),(632,'182 Kias',2,143,2,0,1,'2024-10-27 13:15:06','2024-10-27 13:15:06'),(633,'181 Kias',2,143,2,0,1,'2024-10-27 13:15:06','2024-10-27 13:15:06'),(634,'155 Kias',2,143,2,0,1,'2024-10-27 13:15:06','2024-10-27 13:15:06'),(635,'Pila Volta',2,144,2,1,1,'2024-10-27 13:15:06','2024-10-27 13:15:06'),(636,'Nicad',2,144,2,0,1,'2024-10-27 13:15:06','2024-10-27 13:15:06'),(637,'Plomo Acido/ Gel / Nicad.',2,144,2,0,1,'2024-10-27 13:15:06','2024-10-27 13:15:06'),(638,'Eléctrica',2,144,2,0,1,'2024-10-27 13:15:06','2024-10-27 13:15:06'),(639,'345 Kias',2,145,2,1,1,'2024-10-27 13:15:06','2024-10-27 13:15:06'),(640,'130 Kias',2,145,2,0,1,'2024-10-27 13:15:06','2024-10-27 13:15:06'),(641,'181 Kias',2,145,2,0,1,'2024-10-27 13:15:06','2024-10-27 13:15:06'),(642,'259 Kias',2,145,2,0,1,'2024-10-27 13:15:06','2024-10-27 13:15:06'),(643,'PT6- 41/42',2,146,2,1,1,'2024-10-27 13:15:06','2024-10-27 13:15:06'),(644,'PT6A-62A',2,146,2,0,1,'2024-10-27 13:15:06','2024-10-27 13:15:06'),(645,'PT6A-60A',2,146,2,0,1,'2024-10-27 13:15:06','2024-10-27 13:15:06'),(646,'PT6A-45A',2,146,2,0,1,'2024-10-27 13:15:06','2024-10-27 13:15:06'),(647,'Un ciclo cada 4 minutos por un total de 6 ciclos, para un descanso de 30 min',2,147,2,1,1,'2024-10-27 13:15:06','2024-10-27 13:15:06'),(648,'Un ciclo cada 5 minutos por un total de 6 ciclos, para un descanso de 15 min',2,147,2,0,1,'2024-10-27 13:15:06','2024-10-27 13:15:06'),(649,'Un ciclo cada 3 minutos por un total de 6 ciclos, para un descanso de 30 min',2,147,2,0,1,'2024-10-27 13:15:06','2024-10-27 13:15:06'),(650,'Un ciclo cada 6 minutos por un total de 5 ciclos, para un descanso de 15 min',2,147,2,0,1,'2024-10-27 13:15:06','2024-10-27 13:15:06'),(651,'Rotores y alambre',2,148,2,1,1,'2024-10-27 13:15:06','2024-10-27 13:15:06'),(652,'Correas y mangueras',2,148,2,0,1,'2024-10-27 13:15:06','2024-10-27 13:15:06'),(653,'Guayas y poleas',2,148,2,0,1,'2024-10-27 13:15:06','2024-10-27 13:15:06'),(654,'Cadenas y contrapesas',2,148,2,0,1,'2024-10-27 13:15:06','2024-10-27 13:15:06'),(655,'40000 ft',2,149,2,1,1,'2024-10-27 13:15:06','2024-10-27 13:15:06'),(656,'21000 ft',2,149,2,0,1,'2024-10-27 13:15:06','2024-10-27 13:15:06'),(657,'35000 ft',2,149,2,0,1,'2024-10-27 13:15:06','2024-10-27 13:15:06'),(658,'30000 ft',2,149,2,0,1,'2024-10-27 13:15:06','2024-10-27 13:15:06'),(659,'24 VDC',2,150,2,1,1,'2024-10-27 13:15:06','2024-10-27 13:15:06'),(660,'26 VDC',2,150,2,0,1,'2024-10-27 13:15:06','2024-10-27 13:15:06'),(661,'28 VDC',2,150,2,0,1,'2024-10-27 13:15:06','2024-10-27 13:15:06'),(662,'24 VAC',2,150,2,0,1,'2024-10-27 13:15:06','2024-10-27 13:15:06'),(663,'28.0 a 28.4 volts con capacidad de generar 1000 amps momentáneo y 300 amps continuos',2,151,2,1,1,'2024-10-27 13:15:06','2024-10-27 13:15:06'),(664,'28.0 a 28.4 volts con capacidad de generar 300 amps momentáneo y 1000 amps continuos',2,151,2,0,1,'2024-10-27 13:15:06','2024-10-27 13:15:06'),(665,'28.0 a 28.5 volts con capacidad de generar 1000 amps momentáneo y 300 amps continuos',2,151,2,0,1,'2024-10-27 13:15:06','2024-10-27 13:15:06'),(666,'28.25 a 28.40 volts con capacidad de generar 1000 amps momentáneo y 300 amps continuos',2,151,2,0,1,'2024-10-27 13:15:06','2024-10-27 13:15:06'),(667,'15.000 lbs.',2,152,2,1,1,'2024-10-27 13:15:06','2024-10-27 13:15:06'),(668,'15.100 lbs.',2,152,2,0,1,'2024-10-27 13:15:06','2024-10-27 13:15:06'),(669,'14.100 lbs.',2,152,2,0,1,'2024-10-27 13:15:06','2024-10-27 13:15:06'),(670,'12.500 lbs.',2,152,2,0,1,'2024-10-27 13:15:06','2024-10-27 13:15:06'),(671,'130. Kias',2,153,2,1,1,'2024-10-27 13:15:06','2024-10-27 13:15:06'),(672,'125. Kias',2,153,2,0,1,'2024-10-27 13:15:06','2024-10-27 13:15:06'),(673,'120. Kias',2,153,2,0,1,'2024-10-27 13:15:06','2024-10-27 13:15:06'),(674,'a y b son correctas',2,153,2,0,1,'2024-10-27 13:15:06','2024-10-27 13:15:06'),(675,'12.500.',2,154,2,1,1,'2024-10-27 13:15:06','2024-10-27 13:15:06'),(676,'16.100.',2,154,2,0,1,'2024-10-27 13:15:06','2024-10-27 13:15:06'),(677,'14.000.',2,154,2,0,1,'2024-10-27 13:15:06','2024-10-27 13:15:06'),(678,'14.100.',2,154,2,0,1,'2024-10-27 13:15:06','2024-10-27 13:15:06'),(679,'300 amp',2,155,2,1,1,'2024-10-27 13:15:06','2024-10-27 13:15:06'),(680,'400 amp',2,155,2,0,1,'2024-10-27 13:15:06','2024-10-27 13:15:06'),(681,'250 amp',2,155,2,0,1,'2024-10-27 13:15:06','2024-10-27 13:15:06'),(682,'200 amp',2,155,2,0,1,'2024-10-27 13:15:06','2024-10-27 13:15:06'),(683,'En el compartimiento de carga.',2,156,2,1,1,'2024-10-27 13:15:06','2024-10-27 13:15:06'),(684,'Del lado derecho en la sección de nariz.',2,156,2,0,1,'2024-10-27 13:15:06','2024-10-27 13:15:06'),(685,'Del lado izquierdo en la sección de nariz',2,156,2,0,1,'2024-10-27 13:15:06','2024-10-27 13:15:06'),(686,'En el medio de la raíz del plano',2,156,2,0,1,'2024-10-27 13:15:06','2024-10-27 13:15:06'),(687,'28 V - 45 amp/hr',2,157,2,1,1,'2024-10-27 13:15:06','2024-10-27 13:15:06'),(688,'24 V - 40 amp/hr',2,157,2,0,1,'2024-10-27 13:15:06','2024-10-27 13:15:06'),(689,'20 V - 40 amp/hr',2,157,2,0,1,'2024-10-27 13:15:06','2024-10-27 13:15:06'),(690,'24 V - 42 amp/hr (34/36 amp/hrs.)',2,157,2,0,1,'2024-10-27 13:15:06','2024-10-27 13:15:06'),(691,'Ejes flexibles',2,158,2,1,1,'2024-10-27 13:15:06','2024-10-27 13:15:06'),(692,'Correas y mangueras',2,158,2,0,1,'2024-10-27 13:15:06','2024-10-27 13:15:06'),(693,'Guayas y poleas',2,158,2,0,1,'2024-10-27 13:15:06','2024-10-27 13:15:06'),(694,'Cadenas y contrapesas',2,158,2,0,1,'2024-10-27 13:15:06','2024-10-27 13:15:06'),(695,'Seis (6) Barras',2,159,2,1,1,'2024-10-27 13:15:06','2024-10-27 13:15:06'),(696,'Cuatro (4) Barras',2,159,2,0,1,'2024-10-27 13:15:06','2024-10-27 13:15:06'),(697,'Cinco (5) Barras',2,159,2,0,1,'2024-10-27 13:15:06','2024-10-27 13:15:06'),(698,'Siete (7) Barras',2,159,2,0,1,'2024-10-27 13:15:06','2024-10-27 13:15:06'),(699,'28 V / 200 amp',2,160,2,1,1,'2024-10-27 13:15:06','2024-10-27 13:15:06'),(700,'24 V / 800 amp',2,160,2,0,1,'2024-10-27 13:15:06','2024-10-27 13:15:06'),(701,'28 V 1700 amp',2,160,2,0,1,'2024-10-27 13:15:06','2024-10-27 13:15:06'),(702,'Ninguna de las anteriores',2,160,2,0,1,'2024-10-27 13:15:06','2024-10-27 13:15:06'),(703,'Regula el voltaje',2,161,2,1,1,'2024-10-27 13:15:06','2024-10-27 13:15:06'),(704,'Protector de corriente alterna',2,161,2,0,1,'2024-10-27 13:15:06','2024-10-27 13:15:06'),(705,'Corte del starter al 46% Ng',2,161,2,0,1,'2024-10-27 13:15:06','2024-10-27 13:15:06'),(706,'Todas las anteriores',2,161,2,0,1,'2024-10-27 13:15:06','2024-10-27 13:15:06'),(707,'Penetración aire turbulento: 170 KIAS.',2,162,2,1,1,'2024-10-27 13:15:06','2024-10-27 13:15:06'),(708,'Máximo viento de cola: 15 KIAS.',2,162,2,1,1,'2024-10-27 13:15:06','2024-10-27 13:15:06'),(709,'Vmca: 89 KIAS.',2,162,2,0,1,'2024-10-27 13:15:06','2024-10-27 13:15:06'),(710,'VLE: 181 KIAS.',2,162,2,0,1,'2024-10-27 13:15:06','2024-10-27 13:15:06'),(711,'60+/- PSI',2,163,2,1,1,'2024-10-27 13:15:06','2024-10-27 13:15:06'),(712,'40 PSI',2,163,2,1,1,'2024-10-27 13:15:06','2024-10-27 13:15:06'),(713,'30% de Torque',2,163,2,0,1,'2024-10-27 13:15:06','2024-10-27 13:15:06'),(714,'70 PSI',2,163,2,0,1,'2024-10-27 13:15:06','2024-10-27 13:15:06'),(715,'ISA + 45',2,164,2,1,1,'2024-10-27 13:15:06','2024-10-27 13:15:06'),(716,'ISA + 37',2,164,2,1,1,'2024-10-27 13:15:06','2024-10-27 13:15:06'),(717,'ISA + 40',2,164,2,0,1,'2024-10-27 13:15:06','2024-10-27 13:15:06'),(718,'ISA + 31',2,164,2,0,1,'2024-10-27 13:15:06','2024-10-27 13:15:06'),(719,'Tres (03) de flujo axial',2,165,2,1,1,'2024-10-27 13:15:06','2024-10-27 13:15:06'),(720,'Una (01) de flujo centrifugo',2,165,2,1,1,'2024-10-27 13:15:06','2024-10-27 13:15:06'),(721,'Dos (02) de flujo axial',2,165,2,0,1,'2024-10-27 13:15:06','2024-10-27 13:15:06'),(722,'Dos (02) de flujo centrifugo',2,165,2,0,1,'2024-10-27 13:15:06','2024-10-27 13:15:06'),(723,'3.10 gravedades positivas',2,166,2,1,1,'2024-10-27 13:15:06','2024-10-27 13:15:06'),(724,'2.O gravedades positivas',2,166,2,1,1,'2024-10-27 13:15:06','2024-10-27 13:15:06'),(725,'1.27 gravedades negativas',2,166,2,0,1,'2024-10-27 13:15:06','2024-10-27 13:15:06'),(726,'1.24 gravedades negativas',2,166,2,0,1,'2024-10-27 13:15:06','2024-10-27 13:15:06'),(727,'1.600 min.',2,167,2,1,1,'2024-10-27 13:15:06','2024-10-27 13:15:06'),(728,'1.450 min.',2,167,2,1,1,'2024-10-27 13:15:06','2024-10-27 13:15:06'),(729,'2.000 max.',2,167,2,0,1,'2024-10-27 13:15:06','2024-10-27 13:15:06'),(730,'1.700 max.',2,167,2,0,1,'2024-10-27 13:15:06','2024-10-27 13:15:06'),(731,'Con una temperatura externa sea de +5°C o menor.',2,168,2,1,1,'2024-10-27 13:15:06','2024-10-27 13:15:06'),(732,'En presencia de humedad visible.',2,168,2,1,1,'2024-10-27 13:15:06','2024-10-27 13:15:06'),(733,'Cuando lo indique la luz anunciadora.',2,168,2,0,1,'2024-10-27 13:15:06','2024-10-27 13:15:06'),(734,'Cuando las botas de deshielo lo indiquen.',2,168,2,0,1,'2024-10-27 13:15:06','2024-10-27 13:15:06'),(735,'Fuel cutoff',2,169,2,1,1,'2024-10-27 13:15:06','2024-10-27 13:15:06'),(736,'Low idle',2,169,2,1,1,'2024-10-27 13:15:06','2024-10-27 13:15:06'),(737,'High idle',2,169,2,0,1,'2024-10-27 13:15:06','2024-10-27 13:15:06'),(738,'a y c son correctas',2,169,2,0,1,'2024-10-27 13:15:06','2024-10-27 13:15:06'),(739,'Una batería.',2,170,2,1,1,'2024-10-27 13:15:06','2024-10-27 13:15:06'),(740,'Dos (02) generadores volta de 26.5 volts.',2,170,2,1,1,'2024-10-27 13:15:06','2024-10-27 13:15:06'),(741,'Dos (02) Starter generadores.',2,170,2,0,1,'2024-10-27 13:15:06','2024-10-27 13:15:06'),(742,'Una batería stanby.',2,170,2,0,1,'2024-10-27 13:15:06','2024-10-27 13:15:06'),(743,'Extensión 200 kias.',2,171,2,1,1,'2024-10-27 13:15:06','2024-10-27 13:15:06'),(744,'Extensión 181 kias.',2,171,2,1,1,'2024-10-27 13:15:06','2024-10-27 13:15:06'),(745,'Retracción 163 kias.',2,171,2,0,1,'2024-10-27 13:15:06','2024-10-27 13:15:06'),(746,'Retracción 173 kias.',2,171,2,0,1,'2024-10-27 13:15:06','2024-10-27 13:15:06'),(747,'Extensión 200 KIAS',2,172,2,1,1,'2024-10-27 13:15:06','2024-10-27 13:15:06'),(748,'Retracción 163 KIAS',2,172,2,1,1,'2024-10-27 13:15:06','2024-10-27 13:15:06'),(749,'Extensión 181 KIAS',2,172,2,0,1,'2024-10-27 13:15:06','2024-10-27 13:15:06'),(750,'Retracción 173 KIAS',2,172,2,0,1,'2024-10-27 13:15:06','2024-10-27 13:15:06'),(751,'Extensión 200 KIAS',2,173,2,1,1,'2024-10-27 13:15:06','2024-10-27 13:15:06'),(752,'Retracción 163 KIAS',2,173,2,1,1,'2024-10-27 13:15:06','2024-10-27 13:15:06'),(753,'Verdadero',2,174,2,1,1,'2024-10-27 13:15:06','2024-10-27 13:15:06'),(754,'Falso',2,174,2,0,1,'2024-10-27 13:15:06','2024-10-27 13:15:06'),(755,'Verdadero',2,175,2,1,1,'2024-10-27 13:15:06','2024-10-27 13:15:06'),(756,'Falso',2,175,2,0,1,'2024-10-27 13:15:06','2024-10-27 13:15:06'),(757,'Verdadero',2,176,2,1,1,'2024-10-27 13:15:06','2024-10-27 13:15:06'),(758,'Falso',2,176,2,0,1,'2024-10-27 13:15:06','2024-10-27 13:15:06'),(759,'Verdadero',2,177,2,1,1,'2024-10-27 13:15:06','2024-10-27 13:15:06'),(760,'Falso',2,177,2,0,1,'2024-10-27 13:15:06','2024-10-27 13:15:06'),(761,'Verdadero',2,178,2,1,1,'2024-10-27 13:15:06','2024-10-27 13:15:06'),(762,'Falso',2,178,2,0,1,'2024-10-27 13:15:06','2024-10-27 13:15:06'),(763,'Verdadero',2,179,2,1,1,'2024-10-27 13:15:06','2024-10-27 13:15:06'),(764,'Falso',2,179,2,0,1,'2024-10-27 13:15:06','2024-10-27 13:15:06'),(765,'Extensión 181 KIAS',2,173,2,0,1,'2024-10-27 13:15:06','2024-10-27 13:15:06'),(766,'Extensión 181 KIAS',2,173,2,0,1,'2024-10-27 13:15:06','2024-10-27 13:15:06'),(767,'Oxygen Mask(s) DOM',2,180,2,1,1,'2024-10-27 13:15:06','2024-10-27 13:15:06'),(768,'Mask Selector Switch EMERG POSITION',2,180,2,1,1,'2024-10-27 13:15:06','2024-10-27 13:15:06'),(769,'Headset(s) DOM,  OR AUDIO SPEAKER(S) - ON',2,180,2,1,1,'2024-10-27 13:15:06','2024-10-27 13:15:06'),(770,'Mic Switch(es) OXYGEN MASK (100% position)',2,180,2,1,1,'2024-10-27 13:15:06','2024-10-27 13:15:06'),(771,'Condition Lever FUEL CUTOFF',2,181,2,1,1,'2024-10-27 13:15:06','2024-10-27 13:15:06'),(772,'Firewall Shutoff Valve CLOSE',2,181,2,1,1,'2024-10-27 13:15:06','2024-10-27 13:15:06'),(773,'Ignition And Engine Start STARTER ONLY',2,181,2,1,1,'2024-10-27 13:15:06','2024-10-27 13:15:06'),(774,'Fire Extinguisher (if installed) ACTUATE',2,181,2,1,1,'2024-10-27 13:15:06','2024-10-27 13:15:06'),(775,'Attitude MAINTAIN USING ELEVATOR CONTROL',2,182,2,1,1,'2024-10-27 13:15:06','2024-10-27 13:15:06'),(776,'A/P Trim Disconnect Switch DEPRESSED FULLY',2,182,2,1,1,'2024-10-27 13:15:06','2024-10-27 13:15:06');
/*!40000 ALTER TABLE `answer` ENABLE KEYS */;
UNLOCK TABLES;

--
-- Table structure for table `course`
--

DROP TABLE IF EXISTS `course`;
/*!40101 SET @saved_cs_client     = @@character_set_client */;
/*!50503 SET character_set_client = utf8mb4 */;
CREATE TABLE `course` (
  `id` int NOT NULL AUTO_INCREMENT,
  `name` varchar(500) NOT NULL,
  `description` varchar(500) NOT NULL,
  `hours` float DEFAULT '0',
  `days` int DEFAULT '0',
  `status` tinyint(1) DEFAULT '1',
  `course_type_id` int NOT NULL,
  `course_level_id` int NOT NULL,
  `created_at` datetime NOT NULL,
  `updated_at` datetime NOT NULL,
  PRIMARY KEY (`id`),
  KEY `course_type_id` (`course_type_id`),
  KEY `course_level_id` (`course_level_id`),
  CONSTRAINT `course_ibfk_1` FOREIGN KEY (`course_type_id`) REFERENCES `course_type` (`id`) ON UPDATE CASCADE,
  CONSTRAINT `course_ibfk_2` FOREIGN KEY (`course_level_id`) REFERENCES `course_level` (`id`) ON UPDATE CASCADE
) ENGINE=InnoDB AUTO_INCREMENT=5 DEFAULT CHARSET=utf8mb4 COLLATE=utf8mb4_0900_ai_ci;
/*!40101 SET character_set_client = @saved_cs_client */;

--
-- Dumping data for table `course`
--

LOCK TABLES `course` WRITE;
/*!40000 ALTER TABLE `course` DISABLE KEYS */;
INSERT INTO `course` VALUES (1,'King Air B200','Registro de Instrucción y Calificación ',49,6,1,1,1,'2024-10-27 13:15:06','2024-12-03 21:53:59'),(2,'King Air B200 ','Registro de Instrucción y Calificación ',9,6,1,1,2,'2024-11-26 21:45:46','2024-12-03 22:52:32'),(3,'King Air B200','Registro de Instrucción y Calificación ',14.5,3,1,2,1,'2024-12-03 21:56:19','2024-12-03 21:56:54'),(4,'King Air B200','Registro de Instrucción y Calificación ',0,3,1,2,2,'2024-12-17 08:15:42','2024-12-17 08:15:42');
/*!40000 ALTER TABLE `course` ENABLE KEYS */;
UNLOCK TABLES;

--
-- Table structure for table `course_level`
--

DROP TABLE IF EXISTS `course_level`;
/*!40101 SET @saved_cs_client     = @@character_set_client */;
/*!50503 SET character_set_client = utf8mb4 */;
CREATE TABLE `course_level` (
  `id` int NOT NULL AUTO_INCREMENT,
  `name` varchar(500) NOT NULL,
  `created_at` datetime NOT NULL,
  `updated_at` datetime NOT NULL,
  PRIMARY KEY (`id`)
) ENGINE=InnoDB AUTO_INCREMENT=3 DEFAULT CHARSET=utf8mb4 COLLATE=utf8mb4_0900_ai_ci;
/*!40101 SET character_set_client = @saved_cs_client */;

--
-- Dumping data for table `course_level`
--

LOCK TABLES `course_level` WRITE;
/*!40000 ALTER TABLE `course_level` DISABLE KEYS */;
INSERT INTO `course_level` VALUES (1,'Inicial','2024-10-27 13:15:06','2024-10-27 13:15:06'),(2,'Recurente','2024-10-27 13:15:06','2024-10-27 13:15:06');
/*!40000 ALTER TABLE `course_level` ENABLE KEYS */;
UNLOCK TABLES;

--
-- Table structure for table `course_student`
--

DROP TABLE IF EXISTS `course_student`;
/*!40101 SET @saved_cs_client     = @@character_set_client */;
/*!50503 SET character_set_client = utf8mb4 */;
CREATE TABLE `course_student` (
  `id` int NOT NULL AUTO_INCREMENT,
  `course_id` int NOT NULL,
  `date` date DEFAULT NULL,
  `student_id` int DEFAULT NULL,
  `score` float DEFAULT NULL,
  `code` varchar(50) NOT NULL,
  `type_trip` int DEFAULT '1',
  `license` int DEFAULT '1',
  `regulation` int DEFAULT '1',
  `status` tinyint(1) DEFAULT '1',
  `created_at` datetime NOT NULL,
  `updated_at` datetime NOT NULL,
  PRIMARY KEY (`id`),
  KEY `fk_course_student_course_idx` (`course_id`) USING BTREE,
  KEY `fk_course_student_student1_idx` (`student_id`) USING BTREE,
  CONSTRAINT `course_student_ibfk_1` FOREIGN KEY (`course_id`) REFERENCES `course` (`id`) ON DELETE CASCADE ON UPDATE CASCADE,
  CONSTRAINT `course_student_ibfk_2` FOREIGN KEY (`student_id`) REFERENCES `student` (`id`) ON DELETE SET NULL ON UPDATE CASCADE
) ENGINE=InnoDB DEFAULT CHARSET=utf8mb4 COLLATE=utf8mb4_0900_ai_ci;
/*!40101 SET character_set_client = @saved_cs_client */;

--
-- Dumping data for table `course_student`
--

LOCK TABLES `course_student` WRITE;
/*!40000 ALTER TABLE `course_student` DISABLE KEYS */;
/*!40000 ALTER TABLE `course_student` ENABLE KEYS */;
UNLOCK TABLES;

--
-- Table structure for table `course_student_test`
--

DROP TABLE IF EXISTS `course_student_test`;
/*!40101 SET @saved_cs_client     = @@character_set_client */;
/*!50503 SET character_set_client = utf8mb4 */;
CREATE TABLE `course_student_test` (
  `id` int NOT NULL AUTO_INCREMENT,
  `course_id` int NOT NULL,
  `score` float DEFAULT NULL,
  `test_id` int NOT NULL,
  `attempts` int DEFAULT '1',
  `course_student_id` int NOT NULL,
  `date` datetime DEFAULT NULL,
  `student_id` int DEFAULT NULL,
  `code` varchar(50) NOT NULL,
  `status` tinyint(1) DEFAULT '1',
  `finished` tinyint(1) DEFAULT '0',
  `created_at` datetime NOT NULL,
  `updated_at` datetime NOT NULL,
  PRIMARY KEY (`id`),
  KEY `fk_course_student_test_course_idx` (`course_id`) USING BTREE,
  KEY `fk_course_student_test_test_idx` (`test_id`) USING BTREE,
  KEY `fk_course_student_test_course_student_idx` (`course_student_id`) USING BTREE,
  KEY `fk_course_student_test_student1_idx` (`student_id`) USING BTREE,
  CONSTRAINT `course_student_test_ibfk_1` FOREIGN KEY (`course_id`) REFERENCES `course` (`id`) ON DELETE CASCADE ON UPDATE CASCADE,
  CONSTRAINT `course_student_test_ibfk_2` FOREIGN KEY (`test_id`) REFERENCES `test` (`id`) ON UPDATE CASCADE,
  CONSTRAINT `course_student_test_ibfk_3` FOREIGN KEY (`course_student_id`) REFERENCES `course_student` (`id`) ON DELETE CASCADE ON UPDATE CASCADE,
  CONSTRAINT `course_student_test_ibfk_4` FOREIGN KEY (`student_id`) REFERENCES `student` (`id`) ON DELETE SET NULL ON UPDATE CASCADE
) ENGINE=InnoDB DEFAULT CHARSET=utf8mb4 COLLATE=utf8mb4_0900_ai_ci;
/*!40101 SET character_set_client = @saved_cs_client */;

--
-- Dumping data for table `course_student_test`
--

LOCK TABLES `course_student_test` WRITE;
/*!40000 ALTER TABLE `course_student_test` DISABLE KEYS */;
/*!40000 ALTER TABLE `course_student_test` ENABLE KEYS */;
UNLOCK TABLES;

--
-- Table structure for table `course_student_test_answer`
--

DROP TABLE IF EXISTS `course_student_test_answer`;
/*!40101 SET @saved_cs_client     = @@character_set_client */;
/*!50503 SET character_set_client = utf8mb4 */;
CREATE TABLE `course_student_test_answer` (
  `id` int NOT NULL AUTO_INCREMENT,
  `course_id` int NOT NULL,
  `test_id` int NOT NULL,
  `course_student_id` int NOT NULL,
  `course_student_test_id` int NOT NULL,
  `course_student_test_question_id` int NOT NULL,
  `question_id` int NOT NULL,
  `score` float DEFAULT NULL,
  `resp` text NOT NULL,
  `student_id` int DEFAULT NULL,
  `status` int DEFAULT '1',
  `created_at` datetime NOT NULL,
  `updated_at` datetime NOT NULL,
  PRIMARY KEY (`id`),
  KEY `fk_course_student_test_answer_course_idx` (`course_id`) USING BTREE,
  KEY `fk_course_student_test_answer_test_idx` (`test_id`) USING BTREE,
  KEY `fk_course_student_test_answer_course_student_idx` (`course_student_id`) USING BTREE,
  KEY `fk_course_student_test_answer_course_student_test_idx` (`course_student_test_id`) USING BTREE,
  KEY `fk_course_student_test_answer_course_student_test_question_idx` (`course_student_test_question_id`) USING BTREE,
  KEY `fk_course_student_test_answer_question_idx` (`question_id`) USING BTREE,
  KEY `fk_course_student_test_answer_student1_idx` (`student_id`) USING BTREE,
  CONSTRAINT `course_student_test_answer_ibfk_1` FOREIGN KEY (`course_id`) REFERENCES `course` (`id`) ON DELETE CASCADE ON UPDATE CASCADE,
  CONSTRAINT `course_student_test_answer_ibfk_2` FOREIGN KEY (`test_id`) REFERENCES `test` (`id`) ON UPDATE CASCADE,
  CONSTRAINT `course_student_test_answer_ibfk_3` FOREIGN KEY (`course_student_id`) REFERENCES `course_student` (`id`) ON DELETE CASCADE ON UPDATE CASCADE,
  CONSTRAINT `course_student_test_answer_ibfk_4` FOREIGN KEY (`course_student_test_id`) REFERENCES `course_student_test` (`id`) ON DELETE CASCADE ON UPDATE CASCADE,
  CONSTRAINT `course_student_test_answer_ibfk_5` FOREIGN KEY (`course_student_test_question_id`) REFERENCES `course_student_test_question` (`id`),
  CONSTRAINT `course_student_test_answer_ibfk_6` FOREIGN KEY (`question_id`) REFERENCES `question` (`id`) ON UPDATE CASCADE,
  CONSTRAINT `course_student_test_answer_ibfk_8` FOREIGN KEY (`student_id`) REFERENCES `student` (`id`) ON DELETE SET NULL ON UPDATE CASCADE
) ENGINE=InnoDB DEFAULT CHARSET=utf8mb4 COLLATE=utf8mb4_0900_ai_ci;
/*!40101 SET character_set_client = @saved_cs_client */;

--
-- Dumping data for table `course_student_test_answer`
--

LOCK TABLES `course_student_test_answer` WRITE;
/*!40000 ALTER TABLE `course_student_test_answer` DISABLE KEYS */;
/*!40000 ALTER TABLE `course_student_test_answer` ENABLE KEYS */;
UNLOCK TABLES;

--
-- Table structure for table `course_student_test_question`
--

DROP TABLE IF EXISTS `course_student_test_question`;
/*!40101 SET @saved_cs_client     = @@character_set_client */;
/*!50503 SET character_set_client = utf8mb4 */;
CREATE TABLE `course_student_test_question` (
  `id` int NOT NULL AUTO_INCREMENT,
  `course_id` int NOT NULL,
  `test_id` int NOT NULL,
  `course_student_id` int NOT NULL,
  `course_student_test_id` int NOT NULL,
  `question_id` int NOT NULL,
  `answered` tinyint(1) DEFAULT '0',
  `status` int DEFAULT '1',
  `created_at` datetime NOT NULL,
  `updated_at` datetime NOT NULL,
  `student_id` int DEFAULT NULL,
  PRIMARY KEY (`id`),
  KEY `fk_course_student_test_question_course_idx` (`course_id`) USING BTREE,
  KEY `fk_course_student_test_question_test_idx` (`test_id`) USING BTREE,
  KEY `fk_course_student_test_question_course_student_idx` (`course_student_id`) USING BTREE,
  KEY `fk_course_student_test_question_course_student_test_idx` (`course_student_test_id`) USING BTREE,
  KEY `fk_course_student_test_question_question_idx` (`question_id`) USING BTREE,
  KEY `fk_course_student_test_question_student1_idx` (`student_id`) USING BTREE,
  CONSTRAINT `course_student_test_question_ibfk_1` FOREIGN KEY (`course_id`) REFERENCES `course` (`id`) ON UPDATE CASCADE,
  CONSTRAINT `course_student_test_question_ibfk_2` FOREIGN KEY (`test_id`) REFERENCES `test` (`id`) ON UPDATE CASCADE,
  CONSTRAINT `course_student_test_question_ibfk_3` FOREIGN KEY (`course_student_id`) REFERENCES `course_student` (`id`) ON DELETE CASCADE ON UPDATE CASCADE,
  CONSTRAINT `course_student_test_question_ibfk_4` FOREIGN KEY (`course_student_test_id`) REFERENCES `course_student_test` (`id`) ON DELETE CASCADE ON UPDATE CASCADE,
  CONSTRAINT `course_student_test_question_ibfk_5` FOREIGN KEY (`question_id`) REFERENCES `question` (`id`),
  CONSTRAINT `course_student_test_question_ibfk_6` FOREIGN KEY (`student_id`) REFERENCES `student` (`id`) ON DELETE SET NULL ON UPDATE CASCADE
) ENGINE=InnoDB DEFAULT CHARSET=utf8mb4 COLLATE=utf8mb4_0900_ai_ci;
/*!40101 SET character_set_client = @saved_cs_client */;

--
-- Dumping data for table `course_student_test_question`
--

LOCK TABLES `course_student_test_question` WRITE;
/*!40000 ALTER TABLE `course_student_test_question` DISABLE KEYS */;
/*!40000 ALTER TABLE `course_student_test_question` ENABLE KEYS */;
UNLOCK TABLES;

--
-- Table structure for table `course_type`
--

DROP TABLE IF EXISTS `course_type`;
/*!40101 SET @saved_cs_client     = @@character_set_client */;
/*!50503 SET character_set_client = utf8mb4 */;
CREATE TABLE `course_type` (
  `id` int NOT NULL AUTO_INCREMENT,
  `name` varchar(500) NOT NULL,
  `created_at` datetime NOT NULL,
  `updated_at` datetime NOT NULL,
  PRIMARY KEY (`id`)
) ENGINE=InnoDB AUTO_INCREMENT=3 DEFAULT CHARSET=utf8mb4 COLLATE=utf8mb4_0900_ai_ci;
/*!40101 SET character_set_client = @saved_cs_client */;

--
-- Dumping data for table `course_type`
--

LOCK TABLES `course_type` WRITE;
/*!40000 ALTER TABLE `course_type` DISABLE KEYS */;
INSERT INTO `course_type` VALUES (1,'Escuela en Tierra','2024-10-27 13:15:06','2024-10-27 13:15:06'),(2,'Vuelo en FSTD','2024-10-27 13:15:06','2024-10-27 13:15:06');
/*!40000 ALTER TABLE `course_type` ENABLE KEYS */;
UNLOCK TABLES;

--
-- Table structure for table `group`
--

DROP TABLE IF EXISTS `group`;
/*!40101 SET @saved_cs_client     = @@character_set_client */;
/*!50503 SET character_set_client = utf8mb4 */;
CREATE TABLE `group` (
  `id` int NOT NULL AUTO_INCREMENT,
  `name` varchar(45) DEFAULT NULL,
  `is_active` tinyint(1) DEFAULT '1',
  `created_at` datetime NOT NULL,
  `updated_at` datetime NOT NULL,
  PRIMARY KEY (`id`)
) ENGINE=InnoDB DEFAULT CHARSET=utf8mb4 COLLATE=utf8mb4_0900_ai_ci;
/*!40101 SET character_set_client = @saved_cs_client */;

--
-- Dumping data for table `group`
--

LOCK TABLES `group` WRITE;
/*!40000 ALTER TABLE `group` DISABLE KEYS */;
/*!40000 ALTER TABLE `group` ENABLE KEYS */;
UNLOCK TABLES;

--
-- Table structure for table `group_permission`
--

DROP TABLE IF EXISTS `group_permission`;
/*!40101 SET @saved_cs_client     = @@character_set_client */;
/*!50503 SET character_set_client = utf8mb4 */;
CREATE TABLE `group_permission` (
  `id` int NOT NULL AUTO_INCREMENT,
  `name` varchar(45) NOT NULL,
  `group_id` int NOT NULL,
  `permission_id` int NOT NULL,
  `created_at` datetime NOT NULL,
  `updated_at` datetime NOT NULL,
  PRIMARY KEY (`id`),
  KEY `fk_group_permission_group1_idx` (`group_id`) USING BTREE,
  KEY `fk_group_permission_permission1_idx` (`permission_id`) USING BTREE,
  CONSTRAINT `group_permission_ibfk_1` FOREIGN KEY (`group_id`) REFERENCES `group` (`id`) ON DELETE CASCADE ON UPDATE CASCADE,
  CONSTRAINT `group_permission_ibfk_2` FOREIGN KEY (`permission_id`) REFERENCES `permission` (`id`) ON UPDATE CASCADE
) ENGINE=InnoDB DEFAULT CHARSET=utf8mb4 COLLATE=utf8mb4_0900_ai_ci;
/*!40101 SET character_set_client = @saved_cs_client */;

--
-- Dumping data for table `group_permission`
--

LOCK TABLES `group_permission` WRITE;
/*!40000 ALTER TABLE `group_permission` DISABLE KEYS */;
/*!40000 ALTER TABLE `group_permission` ENABLE KEYS */;
UNLOCK TABLES;

--
-- Table structure for table `instructor`
--

DROP TABLE IF EXISTS `instructor`;
/*!40101 SET @saved_cs_client     = @@character_set_client */;
/*!50503 SET character_set_client = utf8mb4 */;
CREATE TABLE `instructor` (
  `id` int NOT NULL AUTO_INCREMENT,
  `user_id` int NOT NULL,
  `status` tinyint DEFAULT '1',
  `created_at` datetime NOT NULL,
  `updated_at` datetime NOT NULL,
  PRIMARY KEY (`id`),
  KEY `fk_instructor_user1_idx` (`user_id`) USING BTREE,
  CONSTRAINT `instructor_ibfk_1` FOREIGN KEY (`user_id`) REFERENCES `user` (`id`) ON UPDATE CASCADE
) ENGINE=InnoDB AUTO_INCREMENT=3 DEFAULT CHARSET=utf8mb4 COLLATE=utf8mb4_0900_ai_ci;
/*!40101 SET character_set_client = @saved_cs_client */;

--
-- Dumping data for table `instructor`
--

LOCK TABLES `instructor` WRITE;
/*!40000 ALTER TABLE `instructor` DISABLE KEYS */;
INSERT INTO `instructor` VALUES (1,8,1,'2024-11-28 11:30:49','2024-11-28 11:30:49'),(2,9,1,'2024-11-28 11:30:51','2024-11-28 11:30:51');
/*!40000 ALTER TABLE `instructor` ENABLE KEYS */;
UNLOCK TABLES;

--
-- Table structure for table `module`
--

DROP TABLE IF EXISTS `module`;
/*!40101 SET @saved_cs_client     = @@character_set_client */;
/*!50503 SET character_set_client = utf8mb4 */;
CREATE TABLE `module` (
  `id` int NOT NULL AUTO_INCREMENT,
  `name` varchar(500) NOT NULL,
  `created_at` datetime NOT NULL,
  `updated_at` datetime NOT NULL,
  PRIMARY KEY (`id`)
) ENGINE=InnoDB DEFAULT CHARSET=utf8mb4 COLLATE=utf8mb4_0900_ai_ci;
/*!40101 SET character_set_client = @saved_cs_client */;

--
-- Dumping data for table `module`
--

LOCK TABLES `module` WRITE;
/*!40000 ALTER TABLE `module` DISABLE KEYS */;
/*!40000 ALTER TABLE `module` ENABLE KEYS */;
UNLOCK TABLES;

--
-- Table structure for table `participants`
--

DROP TABLE IF EXISTS `participants`;
/*!40101 SET @saved_cs_client     = @@character_set_client */;
/*!50503 SET character_set_client = utf8mb4 */;
CREATE TABLE `participants` (
  `id` int NOT NULL AUTO_INCREMENT,
  `uuid` char(36) CHARACTER SET utf8mb4 COLLATE utf8mb4_bin NOT NULL,
  `first_name` varchar(255) NOT NULL,
  `last_name` varchar(255) DEFAULT NULL,
  `doc_number` int NOT NULL,
  `email` varchar(255) DEFAULT NULL,
  `phone` varchar(255) DEFAULT NULL,
  `created_at` datetime NOT NULL,
  `updated_at` datetime NOT NULL,
  PRIMARY KEY (`id`),
  UNIQUE KEY `uuid` (`uuid`),
  UNIQUE KEY `doc_number` (`doc_number`),
  UNIQUE KEY `email` (`email`),
  UNIQUE KEY `phone` (`phone`)
) ENGINE=InnoDB DEFAULT CHARSET=utf8mb4 COLLATE=utf8mb4_0900_ai_ci;
/*!40101 SET character_set_client = @saved_cs_client */;

--
-- Dumping data for table `participants`
--

LOCK TABLES `participants` WRITE;
/*!40000 ALTER TABLE `participants` DISABLE KEYS */;
/*!40000 ALTER TABLE `participants` ENABLE KEYS */;
UNLOCK TABLES;

--
-- Table structure for table `permission`
--

DROP TABLE IF EXISTS `permission`;
/*!40101 SET @saved_cs_client     = @@character_set_client */;
/*!50503 SET character_set_client = utf8mb4 */;
CREATE TABLE `permission` (
  `id` int NOT NULL AUTO_INCREMENT,
  `name` varchar(500) NOT NULL,
  `module_id` int NOT NULL,
  `status` tinyint DEFAULT '1',
  `created_at` datetime NOT NULL,
  `updated_at` datetime NOT NULL,
  PRIMARY KEY (`id`),
  KEY `fk_permission_module1_idx` (`module_id`) USING BTREE,
  CONSTRAINT `permission_ibfk_1` FOREIGN KEY (`module_id`) REFERENCES `module` (`id`) ON DELETE CASCADE ON UPDATE CASCADE
) ENGINE=InnoDB DEFAULT CHARSET=utf8mb4 COLLATE=utf8mb4_0900_ai_ci;
/*!40101 SET character_set_client = @saved_cs_client */;

--
-- Dumping data for table `permission`
--

LOCK TABLES `permission` WRITE;
/*!40000 ALTER TABLE `permission` DISABLE KEYS */;
/*!40000 ALTER TABLE `permission` ENABLE KEYS */;
UNLOCK TABLES;

--
-- Table structure for table `question`
--

DROP TABLE IF EXISTS `question`;
/*!40101 SET @saved_cs_client     = @@character_set_client */;
/*!50503 SET character_set_client = utf8mb4 */;
CREATE TABLE `question` (
  `id` int NOT NULL AUTO_INCREMENT,
  `header` varchar(500) NOT NULL,
  `course_id` int NOT NULL,
  `question_type_id` int NOT NULL,
  `test_id` int NOT NULL,
  `value` float DEFAULT '1',
  `status` tinyint(1) DEFAULT '1',
  `created_at` datetime NOT NULL,
  `updated_at` datetime NOT NULL,
  PRIMARY KEY (`id`),
  KEY `fk_question_course_idx` (`course_id`) USING BTREE,
  KEY `fk_question_question_type_idx` (`question_type_id`) USING BTREE,
  KEY `fk_question_test_idx` (`test_id`) USING BTREE,
  CONSTRAINT `question_ibfk_1` FOREIGN KEY (`course_id`) REFERENCES `course` (`id`) ON DELETE CASCADE ON UPDATE CASCADE,
  CONSTRAINT `question_ibfk_2` FOREIGN KEY (`question_type_id`) REFERENCES `question_type` (`id`) ON UPDATE CASCADE,
  CONSTRAINT `question_ibfk_3` FOREIGN KEY (`test_id`) REFERENCES `test` (`id`) ON UPDATE CASCADE
) ENGINE=InnoDB AUTO_INCREMENT=183 DEFAULT CHARSET=utf8mb4 COLLATE=utf8mb4_0900_ai_ci;
/*!40101 SET character_set_client = @saved_cs_client */;

--
-- Dumping data for table `question`
--

LOCK TABLES `question` WRITE;
/*!40000 ALTER TABLE `question` DISABLE KEYS */;
INSERT INTO `question` VALUES (1,'¿Cuál es la clasificación de la batería?',1,1,1,1,1,'2024-10-27 13:15:06','2024-10-27 13:15:06'),(2,'En aviones con números de serie BB-88 y posteriores, ¿cómo se enciende un generador?',1,1,1,1,1,'2024-10-27 13:15:06','2024-10-27 13:15:06'),(3,'¿Dónde está ubicada la batería?',1,1,1,1,1,'2024-10-27 13:15:06','2024-10-27 13:15:06'),(4,'Indique la temperatura recomendada y máxima velocidad para extender manualmente las ice vanes:',1,2,1,1,1,'2024-10-27 13:15:06','2024-10-27 13:15:06'),(5,'Las siglas VMO significan máxima velocidad de operación expresado en nudos:',1,3,1,1,1,'2024-10-27 13:15:06','2024-10-27 13:15:06'),(6,'Describa los ítems de memoria para el procedimiento a seguir en caso de FALLA EN EL MOTOR ANTES DE LA V1',1,5,1,1,1,'2024-10-27 13:15:06','2024-10-27 13:15:06'),(7,'Describa los ítems de memoria para el procedimiento a seguir en caso de FALLA EN EL MOTOR DESPUES DE LA V1',1,5,1,1,1,'2024-10-27 13:15:06','2024-10-27 13:15:06'),(8,'Describa los ítems de memoria para el procedimiento a seguir en caso de FUEGO EN EL MOTOR EN VUELO',1,5,1,1,1,'2024-10-27 13:15:06','2024-10-27 13:15:06'),(9,'Describa los ítems de memoria para el procedimiento a seguir en caso de UN DESCENSO DE EMERGENCIA',1,5,1,1,1,'2024-10-27 13:15:06','2024-10-27 13:15:06'),(10,'Las siglas VXSE significan la mejor rata de ascenso con un motor inoperativo:',1,3,1,1,1,'2024-10-27 13:15:06','2024-10-27 13:15:06'),(11,'El máximo peso de aterrizaje del BE-20 es 14.000 lbs',1,3,1,1,1,'2024-10-27 13:15:06','2024-10-27 13:15:06'),(12,'La mejor velocidad de planeo cuando se está efectuado un descenso de emergencia es de 134 KIAS:',1,3,1,1,1,'2024-10-27 13:15:06','2024-10-27 13:15:06'),(13,'Los valores de los indicadores de ITT y TORQUE son:',1,2,1,1,1,'2024-10-27 13:15:06','2024-10-27 13:15:06'),(14,'En el chequeo del AUTOFEATHER:',1,2,1,1,1,'2024-10-27 13:15:06','2024-10-27 13:15:06'),(15,'Los límites de factor de carga con 12.500 LBS y los FLAPS retractados son:',1,2,1,1,1,'2024-10-27 13:15:06','2024-10-27 13:15:06'),(16,'Si el anunciador ámbar BATTERY CHG se ilumina en vuelo, ¿qué acción inicial indica la lista de verificación?',1,1,1,1,1,'2024-10-27 13:15:06','2024-10-27 13:15:06'),(17,'¿Cuál es la clasificación del generador individual?',1,1,1,1,1,'2024-10-27 13:15:06','2024-10-27 13:15:06'),(18,'¿Dónde están ubicados los interruptores del generador?',1,1,1,1,1,'2024-10-27 13:15:06','2024-10-27 13:15:06'),(19,'Cuando se arranca un motor, ¿en qué posición debe estar el interruptor GEN?',1,1,1,1,1,'2024-10-27 13:15:06','2024-10-27 13:15:06'),(20,'Cuando un generador está fuera de línea, ¿qué indicación está presente?',1,1,1,1,1,'2024-10-27 13:15:06','2024-10-27 13:15:06'),(21,'¿Dónde está ubicado el conector de alimentación externo?',1,1,1,1,1,'2024-10-27 13:15:06','2024-10-27 13:15:06'),(22,'¿Cuánta corriente continua debería ser capaz de suministrar la unidad de alimentación externa?',1,1,1,1,1,'2024-10-27 13:15:06','2024-10-27 13:15:06'),(23,'Complete el Cuadro ',1,4,1,1,1,'2024-10-27 13:15:06','2024-10-27 13:15:06'),(24,'¿Qué indicación se proporciona para alertar al operador que hay un enchufe de alimentación externo conectado al avión?',1,1,1,1,1,'2024-10-27 13:15:06','2024-10-27 13:15:06'),(25,'¿Cuántos inversores hay?',1,1,1,1,1,'2024-10-27 13:15:06','2024-10-27 13:15:06'),(26,'¿Cuál es el voltaje mínimo requerido de la batería antes de usar una unidad de alimentación externa?',1,1,1,1,1,'2024-10-27 13:15:06','2024-10-27 13:15:06'),(27,'¿Cuál es la clasificación de cada inversor?',1,1,1,1,1,'2024-10-27 13:15:06','2024-10-27 13:15:06'),(28,'¿Por qué se debe dejar encendido el interruptor de BATERÍA durante el uso de energía externa?',1,1,1,1,1,'2024-10-27 13:15:06','2024-10-27 13:15:06'),(29,'¿Dónde está ubicado el interruptor INVERSOR?',1,1,1,1,1,'2024-10-27 13:15:06','2024-10-27 13:15:06'),(30,'Para proteger la batería contra daños, ¿qué valor no debe exceder el voltaje de alimentación externa durante más de dos minutos?',1,1,1,1,1,'2024-10-27 13:15:06','2024-10-27 13:15:06'),(31,'Después de arrancar el motor derecho y encender el generador derecho, ¿a cuánto debería disminuir la lectura del medidor de carga antes de arrancar el motor izquierdo?',1,1,1,1,1,'2024-10-27 13:15:06','2024-10-27 13:15:06'),(32,'Antes de BB-1632, si la luz BATTERY CHG no se apaga en vuelo cuando el interruptor de control de batería se coloca en APAGADO, ¿qué acción se debe tomar?',1,1,1,1,1,'2024-10-27 13:15:06','2024-10-27 13:15:06'),(33,'¿Cuáles son los límites iniciales?',1,1,1,1,1,'2024-10-27 13:15:06','2024-10-27 13:15:06'),(34,'¿Dónde están la mayoría de los controles de iluminación de la cabina?',1,1,1,1,1,'2024-10-27 13:15:06','2024-10-27 13:15:06'),(35,'¿Qué bus alimenta el reflector de escalera aérea?',1,1,1,1,1,'2024-10-27 13:15:06','2024-10-27 13:15:06'),(36,'¿Dónde está ubicado el interruptor de la luz del área de equipaje?',1,1,1,1,1,'2024-10-27 13:15:06','2024-10-27 13:15:06'),(37,'Después del despegue, ¿cómo se apagan las luces de aterrizaje?',1,1,1,1,1,'2024-10-27 13:15:06','2024-10-27 13:15:06'),(38,'¿Cómo se encienden las luces del umbral y del pasillo?',1,1,1,1,1,'2024-10-27 13:15:06','2024-10-27 13:15:06'),(39,'¿Dónde están montadas las luces de hielo?',1,1,1,1,1,'2024-10-27 13:15:06','2024-10-27 13:15:06'),(40,'¿Dónde está ubicado el interruptor de las luces estroboscópicas?',1,1,1,1,1,'2024-10-27 13:15:06','2024-10-27 13:15:06'),(41,'¿Para qué se utiliza el interruptor etiquetado como MASTER PANEL LIGHTS?',1,1,1,1,1,'2024-10-27 13:15:06','2024-10-27 13:15:06'),(42,'¿Dónde están montadas las luces de reconocimiento?',1,1,1,1,1,'2024-10-27 13:15:06','2024-10-27 13:15:06'),(43,'Al colocar los SWITCHES DE BLEED AIR en la posición “INST &amp; ENVIR OFF” ¿qué ocurre',1,1,1,1,1,'2024-10-27 13:15:06','2024-10-27 13:15:06'),(44,'La velocidad de planeo es de:',1,1,1,1,1,'2024-10-27 13:15:06','2024-10-27 13:15:06'),(45,'La fuente de potencia eléctrica externa debe ser de:',1,1,1,1,1,'2024-10-27 13:15:06','2024-10-27 13:15:06'),(46,'Durante el encendido la ITT puede marcar un máximo de:',1,1,1,1,1,'2024-10-27 13:15:06','2024-10-27 13:15:06'),(47,'¿Dónde se encuentra localizada la batería?',1,1,1,1,1,'2024-10-27 13:15:06','2024-10-27 13:15:06'),(48,'La máxima carga de los generadores desde el nivel del mar hasta 31.000 PIES, es de:',1,1,1,1,1,'2024-10-27 13:15:06','2024-10-27 13:15:06'),(49,'El motor PT6A usado en el KING AIR, es definido como un:',1,1,1,1,1,'2024-10-27 13:15:06','2024-10-27 13:15:06'),(50,'La máxima altura permitida para un vuelo con el YAW DAMPER inoperativo es:',1,1,1,1,1,'2024-10-27 13:15:06','2024-10-27 13:15:06'),(51,'Los tanques de combustibles tienen una capacidad total de:',1,1,1,1,1,'2024-10-27 13:15:06','2024-10-27 13:15:06'),(52,'La máxima velocidad para bajar el tren de aterrizaje (VLE) es:',1,1,1,1,1,'2024-10-27 13:15:06','2024-10-27 13:15:06'),(53,'La Batería del KING AIR es de:',1,1,1,1,1,'2024-10-27 13:15:06','2024-10-27 13:15:06'),(54,'La velocidad máxima de operación (VMO) desde el nivel medio del mar hasta 21000 FT es  de:',1,1,1,1,1,'2024-10-27 13:15:06','2024-10-27 13:15:06'),(55,'El motor del KING AIR 200puede ser:',1,1,1,1,1,'2024-10-27 13:15:06','2024-10-27 13:15:06'),(56,'¿Cuál es la limitación del tren de aterrizaje en cuanto a ciclos se refiere (llámese ciclo del tren de aterrizaje la acción de subir y bajar el tren)?:',1,1,1,1,1,'2024-10-27 13:15:06','2024-10-27 13:15:06'),(57,'¿Qué mecanismos emplea el avión para movilidad de los controles de vuelo?:',1,1,1,1,1,'2024-10-27 13:15:06','2024-10-27 13:15:06'),(58,'La máxima altitud de operación se limita a:',1,1,1,1,1,'2024-10-27 13:15:06','2024-10-27 13:15:06'),(59,'La corriente eléctrica suministrada por los generadores es de:',1,1,1,1,1,'2024-10-27 13:15:06','2024-10-27 13:15:06'),(60,'Al realizar un encendido con plata externa se debe verificar que la misma esté configurada  para suministrar:',1,1,1,1,1,'2024-10-27 13:15:06','2024-10-27 13:15:06'),(61,'El máximo peso en rampa:',1,1,1,1,1,'2024-10-27 13:15:06','2024-10-27 13:15:06'),(62,'La mejor velocidad con un motor inoperativo (VXSE y VYSE): (BE350)',1,1,1,1,1,'2024-10-27 13:15:06','2024-10-27 13:15:06'),(63,'¿Cuál es el máximo peso de despegue del King 300?:',1,1,1,1,1,'2024-10-27 13:15:06','2024-10-27 13:15:06'),(64,'Max. Amp del generador:',1,1,1,1,1,'2024-10-27 13:15:06','2024-10-27 13:15:06'),(65,'¿Dónde se localiza la batería?:',1,1,1,1,1,'2024-10-27 13:15:06','2024-10-27 13:15:06'),(66,'La batería es de:',1,1,1,1,1,'2024-10-27 13:15:06','2024-10-27 13:15:06'),(67,'¿Qué mecanismos emplea el los KING para la movilidad de los flaps?:',1,1,1,1,1,'2024-10-27 13:15:06','2024-10-27 13:15:06'),(68,'¿Cuantas barras suplen corriente al sistema eléctrico DC?:',1,1,1,1,1,'2024-10-27 13:15:06','2024-10-27 13:15:06'),(69,'Cada generador produce:',1,1,1,1,1,'2024-10-27 13:15:06','2024-10-27 13:15:06'),(70,'El CGU sirve para:',1,1,1,1,1,'2024-10-27 13:15:06','2024-10-27 13:15:06'),(71,'En cuanto a velocidades se refiere:',1,2,1,1,1,'2024-10-27 13:15:06','2024-10-27 13:15:06'),(72,'El sistema de Rudder Boost del King 200 censa diferencial de presión para su activación',1,2,1,1,1,'2024-10-27 13:15:06','2024-10-27 13:15:06'),(73,'Los límites máximos de la temperatura externa desde el nivel mar hasta fl250 y por encima',1,2,1,1,1,'2024-10-27 13:15:06','2024-10-27 13:15:06'),(74,'Las etapas y tipos del compresor del motor PT6A-60A son:',1,2,1,1,1,'2024-10-27 13:15:06','2024-10-27 13:15:06'),(75,'Los límites de factor de carga con Flaps en la posición UP son:',1,2,1,1,1,'2024-10-27 13:15:06','2024-10-27 13:15:06'),(76,'Los límites de operación de las N1 del King 200 son de:',1,2,1,1,1,'2024-10-27 13:15:06','2024-10-27 13:15:06'),(77,'¿Cuándo se debe accionar los ENGINE ANTI-ICE R/L?:',1,2,1,1,1,'2024-10-27 13:15:06','2024-10-27 13:15:06'),(78,'¿Cuáles son las posiciones de la palanca de condición (condition lever)?:',1,2,1,1,1,'2024-10-27 13:15:06','2024-10-27 13:15:06'),(79,'El sistema eléctrico de DC consiste principalmente en:',1,2,1,1,1,'2024-10-27 13:15:06','2024-10-27 13:15:06'),(80,'Una batería.',1,2,1,1,1,'2024-10-27 13:15:06','2024-10-27 13:15:06'),(81,'Las velocidades máximas para la operación del tren de aterrizaje son:',1,2,1,1,1,'2024-10-27 13:15:06','2024-10-27 13:15:06'),(82,'Las velocidades máximas para la operación del tren de aterrizaje son:',1,2,1,1,1,'2024-10-27 13:15:06','2024-10-27 13:15:06'),(83,'Para realizar un CROSSFEED debe estar un motor inoperativo:',1,3,1,1,1,'2024-10-27 13:15:06','2024-10-27 13:15:06'),(84,'La luz ámbar de CABIN DOOR se enciende cuando la puerta principal está abierta o no está asegurada:',1,3,1,1,1,'2024-10-27 13:15:06','2024-10-27 13:15:06'),(85,'La alarma sonora del tren de aterrizaje se accionara cuando una o ambas palancas de potencia estén por debajo de 85% N1:',1,3,1,1,1,'2024-10-27 13:15:06','2024-10-27 13:15:06'),(86,'El AUTOFEATHER debe estar operativo para todos los vuelos y armado para despegues y aproximaciones:',1,3,1,1,1,'2024-10-27 13:15:06','2024-10-27 13:15:06'),(87,'La operación máxima del avión es de fl200 sin la capacidad de CROSSFEED',1,3,1,1,1,'2024-10-27 13:15:06','2024-10-27 13:15:06'),(88,'Al colocar el switch de las Bleed en la posición PNEU &amp; ENVIR OFF continua en',1,3,1,1,1,'2024-10-27 13:15:06','2024-10-27 13:15:06'),(89,'Describa los ítems de memoria para el procedimiento a seguir en caso de HUMO PO FURGO ELCTRICO EN LA CABINA',1,5,1,1,1,'2024-10-27 13:15:06','2024-10-27 13:15:06'),(90,'Describa los ítems de memoria para el procedimiento a seguir en caso de FUEGO DE UN MOTOR EN TIERRA',1,5,1,1,1,'2024-10-27 13:15:06','2024-10-27 13:15:06'),(91,'Describa los ítems de memoria para el procedimiento a seguir en caso de',1,5,1,1,1,'2024-10-27 13:15:06','2024-10-27 13:15:06'),(92,'¿Cuál es la clasificación de la batería?',2,1,2,1,1,'2024-10-27 13:15:06','2024-10-27 13:15:06'),(93,'En aviones con números de serie BB-88 y posteriores, ¿cómo se enciende un generador?',2,1,2,1,1,'2024-10-27 13:15:06','2024-10-27 13:15:06'),(94,'¿Dónde está ubicada la batería?',2,1,2,1,1,'2024-10-27 13:15:06','2024-10-27 13:15:06'),(95,'Indique la temperatura recomendada y máxima velocidad para extender manualmente las ice vanes:',2,2,2,1,1,'2024-10-27 13:15:06','2024-10-27 13:15:06'),(96,'Las siglas VMO significan máxima velocidad de operación expresado en nudos:',2,3,2,1,1,'2024-10-27 13:15:06','2024-10-27 13:15:06'),(97,'Describa los ítems de memoria para el procedimiento a seguir en caso de FALLA EN EL MOTOR ANTES DE LA V1',2,5,2,1,1,'2024-10-27 13:15:06','2024-10-27 13:15:06'),(98,'Describa los ítems de memoria para el procedimiento a seguir en caso de FALLA EN EL MOTOR DESPUES DE LA V1',2,5,2,1,1,'2024-10-27 13:15:06','2024-10-27 13:15:06'),(99,'Describa los ítems de memoria para el procedimiento a seguir en caso de FUEGO EN EL MOTOR EN VUELO',2,5,2,1,1,'2024-10-27 13:15:06','2024-10-27 13:15:06'),(100,'Describa los ítems de memoria para el procedimiento a seguir en caso de UN DESCENSO DE EMERGENCIA',2,5,2,1,1,'2024-10-27 13:15:06','2024-10-27 13:15:06'),(101,'Las siglas VXSE significan la mejor rata de ascenso con un motor inoperativo:',2,3,2,1,1,'2024-10-27 13:15:06','2024-10-27 13:15:06'),(102,'El máximo peso de aterrizaje del BE-20 es 14.000 lbs',2,3,2,1,1,'2024-10-27 13:15:06','2024-10-27 13:15:06'),(103,'La mejor velocidad de planeo cuando se está efectuado un descenso de emergencia es de 134 KIAS:',2,3,2,1,1,'2024-10-27 13:15:06','2024-10-27 13:15:06'),(104,'Los valores de los indicadores de ITT y TORQUE son:',2,2,2,1,1,'2024-10-27 13:15:06','2024-10-27 13:15:06'),(105,'En el chequeo del AUTOFEATHER:',2,2,2,1,1,'2024-10-27 13:15:06','2024-10-27 13:15:06'),(106,'Los límites de factor de carga con 12.500 LBS y los FLAPS retractados son:',2,2,2,1,1,'2024-10-27 13:15:06','2024-10-27 13:15:06'),(107,'Si el anunciador ámbar BATTERY CHG se ilumina en vuelo, ¿qué acción inicial indica la lista de verificación?',2,1,2,1,1,'2024-10-27 13:15:06','2024-10-27 13:15:06'),(108,'¿Cuál es la clasificación del generador individual?',2,1,2,1,1,'2024-10-27 13:15:06','2024-10-27 13:15:06'),(109,'¿Dónde están ubicados los interruptores del generador?',2,1,2,1,1,'2024-10-27 13:15:06','2024-10-27 13:15:06'),(110,'Cuando se arranca un motor, ¿en qué posición debe estar el interruptor GEN?',2,1,2,1,1,'2024-10-27 13:15:06','2024-10-27 13:15:06'),(111,'Cuando un generador está fuera de línea, ¿qué indicación está presente?',2,1,2,1,1,'2024-10-27 13:15:06','2024-10-27 13:15:06'),(112,'¿Dónde está ubicado el conector de alimentación externo?',2,1,2,1,1,'2024-10-27 13:15:06','2024-10-27 13:15:06'),(113,'¿Cuánta corriente continua debería ser capaz de suministrar la unidad de alimentación externa?',2,1,2,1,1,'2024-10-27 13:15:06','2024-10-27 13:15:06'),(114,'Complete el Cuadro ',2,4,2,1,1,'2024-10-27 13:15:06','2024-10-27 13:15:06'),(115,'¿Qué indicación se proporciona para alertar al operador que hay un enchufe de alimentación externo conectado al avión?',2,1,2,1,1,'2024-10-27 13:15:06','2024-10-27 13:15:06'),(116,'¿Cuántos inversores hay?',2,1,2,1,1,'2024-10-27 13:15:06','2024-10-27 13:15:06'),(117,'¿Cuál es el voltaje mínimo requerido de la batería antes de usar una unidad de alimentación externa?',2,1,2,1,1,'2024-10-27 13:15:06','2024-10-27 13:15:06'),(118,'¿Cuál es la clasificación de cada inversor?',2,1,2,1,1,'2024-10-27 13:15:06','2024-10-27 13:15:06'),(119,'¿Por qué se debe dejar encendido el interruptor de BATERÍA durante el uso de energía externa?',2,1,2,1,1,'2024-10-27 13:15:06','2024-10-27 13:15:06'),(120,'¿Dónde está ubicado el interruptor INVERSOR?',2,1,2,1,1,'2024-10-27 13:15:06','2024-10-27 13:15:06'),(121,'Para proteger la batería contra daños, ¿qué valor no debe exceder el voltaje de alimentación externa durante más de dos minutos?',2,1,2,1,1,'2024-10-27 13:15:06','2024-10-27 13:15:06'),(122,'Después de arrancar el motor derecho y encender el generador derecho, ¿a cuánto debería disminuir la lectura del medidor de carga antes de arrancar el motor izquierdo?',2,1,2,1,1,'2024-10-27 13:15:06','2024-10-27 13:15:06'),(123,'Antes de BB-1632, si la luz BATTERY CHG no se apaga en vuelo cuando el interruptor de control de batería se coloca en APAGADO, ¿qué acción se debe tomar?',2,1,2,1,1,'2024-10-27 13:15:06','2024-10-27 13:15:06'),(124,'¿Cuáles son los límites iniciales?',2,1,2,1,1,'2024-10-27 13:15:06','2024-10-27 13:15:06'),(125,'¿Dónde están la mayoría de los controles de iluminación de la cabina?',2,1,2,1,1,'2024-10-27 13:15:06','2024-10-27 13:15:06'),(126,'¿Qué bus alimenta el reflector de escalera aérea?',2,1,2,1,1,'2024-10-27 13:15:06','2024-10-27 13:15:06'),(127,'¿Dónde está ubicado el interruptor de la luz del área de equipaje?',2,1,2,1,1,'2024-10-27 13:15:06','2024-10-27 13:15:06'),(128,'Después del despegue, ¿cómo se apagan las luces de aterrizaje?',2,1,2,1,1,'2024-10-27 13:15:06','2024-10-27 13:15:06'),(129,'¿Cómo se encienden las luces del umbral y del pasillo?',2,1,2,1,1,'2024-10-27 13:15:06','2024-10-27 13:15:06'),(130,'¿Dónde están montadas las luces de hielo?',2,1,2,1,1,'2024-10-27 13:15:06','2024-10-27 13:15:06'),(131,'¿Dónde está ubicado el interruptor de las luces estroboscópicas?',2,1,2,1,1,'2024-10-27 13:15:06','2024-10-27 13:15:06'),(132,'¿Para qué se utiliza el interruptor etiquetado como MASTER PANEL LIGHTS?',2,1,2,1,1,'2024-10-27 13:15:06','2024-10-27 13:15:06'),(133,'¿Dónde están montadas las luces de reconocimiento?',2,1,2,1,1,'2024-10-27 13:15:06','2024-10-27 13:15:06'),(134,'Al colocar los SWITCHES DE BLEED AIR en la posición “INST &amp; ENVIR OFF” ¿qué ocurre',2,1,2,1,1,'2024-10-27 13:15:06','2024-10-27 13:15:06'),(135,'La velocidad de planeo es de:',2,1,2,1,1,'2024-10-27 13:15:06','2024-10-27 13:15:06'),(136,'La fuente de potencia eléctrica externa debe ser de:',2,1,2,1,1,'2024-10-27 13:15:06','2024-10-27 13:15:06'),(137,'Durante el encendido la ITT puede marcar un máximo de:',2,1,2,1,1,'2024-10-27 13:15:06','2024-10-27 13:15:06'),(138,'¿Dónde se encuentra localizada la batería?',2,1,2,1,1,'2024-10-27 13:15:06','2024-10-27 13:15:06'),(139,'La máxima carga de los generadores desde el nivel del mar hasta 31.000 PIES, es de:',2,1,2,1,1,'2024-10-27 13:15:06','2024-10-27 13:15:06'),(140,'El motor PT6A usado en el KING AIR, es definido como un:',2,1,2,1,1,'2024-10-27 13:15:06','2024-10-27 13:15:06'),(141,'La máxima altura permitida para un vuelo con el YAW DAMPER inoperativo es:',2,1,2,1,1,'2024-10-27 13:15:06','2024-10-27 13:15:06'),(142,'Los tanques de combustibles tienen una capacidad total de:',2,1,2,1,1,'2024-10-27 13:15:06','2024-10-27 13:15:06'),(143,'La máxima velocidad para bajar el tren de aterrizaje (VLE) es:',2,1,2,1,1,'2024-10-27 13:15:06','2024-10-27 13:15:06'),(144,'La Batería del KING AIR es de:',2,1,2,1,1,'2024-10-27 13:15:06','2024-10-27 13:15:06'),(145,'La velocidad máxima de operación (VMO) desde el nivel medio del mar hasta 21000 FT es  de:',2,1,2,1,1,'2024-10-27 13:15:06','2024-10-27 13:15:06'),(146,'El motor del KING AIR 200puede ser:',2,1,2,1,1,'2024-10-27 13:15:06','2024-10-27 13:15:06'),(147,'¿Cuál es la limitación del tren de aterrizaje en cuanto a ciclos se refiere (llámese ciclo del tren de aterrizaje la acción de subir y bajar el tren)?:',2,1,2,1,1,'2024-10-27 13:15:06','2024-10-27 13:15:06'),(148,'¿Qué mecanismos emplea el avión para movilidad de los controles de vuelo?:',2,1,2,1,1,'2024-10-27 13:15:06','2024-10-27 13:15:06'),(149,'La máxima altitud de operación se limita a:',2,1,2,1,1,'2024-10-27 13:15:06','2024-10-27 13:15:06'),(150,'La corriente eléctrica suministrada por los generadores es de:',2,1,2,1,1,'2024-10-27 13:15:06','2024-10-27 13:15:06'),(151,'Al realizar un encendido con plata externa se debe verificar que la misma esté configurada  para suministrar:',2,1,2,1,1,'2024-10-27 13:15:06','2024-10-27 13:15:06'),(152,'El máximo peso en rampa:',2,1,2,1,1,'2024-10-27 13:15:06','2024-10-27 13:15:06'),(153,'La mejor velocidad con un motor inoperativo (VXSE y VYSE): (BE350)',2,1,2,1,1,'2024-10-27 13:15:06','2024-10-27 13:15:06'),(154,'¿Cuál es el máximo peso de despegue del King 300?:',2,1,2,1,1,'2024-10-27 13:15:06','2024-10-27 13:15:06'),(155,'Max. Amp del generador:',2,1,2,1,1,'2024-10-27 13:15:06','2024-10-27 13:15:06'),(156,'¿Dónde se localiza la batería?:',2,1,2,1,1,'2024-10-27 13:15:06','2024-10-27 13:15:06'),(157,'La batería es de:',2,1,2,1,1,'2024-10-27 13:15:06','2024-10-27 13:15:06'),(158,'¿Qué mecanismos emplea el los KING para la movilidad de los flaps?:',2,1,2,1,1,'2024-10-27 13:15:06','2024-10-27 13:15:06'),(159,'¿Cuantas barras suplen corriente al sistema eléctrico DC?:',2,1,2,1,1,'2024-10-27 13:15:06','2024-10-27 13:15:06'),(160,'Cada generador produce:',2,1,2,1,1,'2024-10-27 13:15:06','2024-10-27 13:15:06'),(161,'El CGU sirve para:',2,1,2,1,1,'2024-10-27 13:15:06','2024-10-27 13:15:06'),(162,'En cuanto a velocidades se refiere:',2,2,2,1,1,'2024-10-27 13:15:06','2024-10-27 13:15:06'),(163,'El sistema de Rudder Boost del King 200 censa diferencial de presión para su activación',2,2,2,1,1,'2024-10-27 13:15:06','2024-10-27 13:15:06'),(164,'Los límites máximos de la temperatura externa desde el nivel mar hasta fl250 y por encima',2,2,2,1,1,'2024-10-27 13:15:06','2024-10-27 13:15:06'),(165,'Las etapas y tipos del compresor del motor PT6A-60A son:',2,2,2,1,1,'2024-10-27 13:15:06','2024-10-27 13:15:06'),(166,'Los límites de factor de carga con Flaps en la posición UP son:',2,2,2,1,1,'2024-10-27 13:15:06','2024-10-27 13:15:06'),(167,'Los límites de operación de las N1 del King 200 son de:',2,2,2,1,1,'2024-10-27 13:15:06','2024-10-27 13:15:06'),(168,'¿Cuándo se debe accionar los ENGINE ANTI-ICE R/L?:',2,2,2,1,1,'2024-10-27 13:15:06','2024-10-27 13:15:06'),(169,'¿Cuáles son las posiciones de la palanca de condición (condition lever)?:',2,2,2,1,1,'2024-10-27 13:15:06','2024-10-27 13:15:06'),(170,'El sistema eléctrico de DC consiste principalmente en:',2,2,2,1,1,'2024-10-27 13:15:06','2024-10-27 13:15:06'),(171,'Una batería.',2,2,2,1,1,'2024-10-27 13:15:06','2024-10-27 13:15:06'),(172,'Las velocidades máximas para la operación del tren de aterrizaje son:',2,2,2,1,1,'2024-10-27 13:15:06','2024-10-27 13:15:06'),(173,'Las velocidades máximas para la operación del tren de aterrizaje son:',2,2,2,1,1,'2024-10-27 13:15:06','2024-10-27 13:15:06'),(174,'Para realizar un CROSSFEED debe estar un motor inoperativo:',2,3,2,1,1,'2024-10-27 13:15:06','2024-10-27 13:15:06'),(175,'La luz ámbar de CABIN DOOR se enciende cuando la puerta principal está abierta o no está asegurada:',2,3,2,1,1,'2024-10-27 13:15:06','2024-10-27 13:15:06'),(176,'La alarma sonora del tren de aterrizaje se accionara cuando una o ambas palancas de potencia estén por debajo de 85% N1:',2,3,2,1,1,'2024-10-27 13:15:06','2024-10-27 13:15:06'),(177,'El AUTOFEATHER debe estar operativo para todos los vuelos y armado para despegues y aproximaciones:',2,3,2,1,1,'2024-10-27 13:15:06','2024-10-27 13:15:06'),(178,'La operación máxima del avión es de fl200 sin la capacidad de CROSSFEED',2,3,2,1,1,'2024-10-27 13:15:06','2024-10-27 13:15:06'),(179,'Al colocar el switch de las Bleed en la posición PNEU &amp; ENVIR OFF continua en',2,3,2,1,1,'2024-10-27 13:15:06','2024-10-27 13:15:06'),(180,'Describa los ítems de memoria para el procedimiento a seguir en caso de HUMO PO FURGO ELCTRICO EN LA CABINA',2,5,2,1,1,'2024-10-27 13:15:06','2024-10-27 13:15:06'),(181,'Describa los ítems de memoria para el procedimiento a seguir en caso de FUEGO DE UN MOTOR EN TIERRA',2,5,2,1,1,'2024-10-27 13:15:06','2024-10-27 13:15:06'),(182,'Describa los ítems de memoria para el procedimiento a seguir en caso de',2,5,2,1,1,'2024-10-27 13:15:06','2024-10-27 13:15:06');
/*!40000 ALTER TABLE `question` ENABLE KEYS */;
UNLOCK TABLES;

--
-- Table structure for table `question_type`
--

DROP TABLE IF EXISTS `question_type`;
/*!40101 SET @saved_cs_client     = @@character_set_client */;
/*!50503 SET character_set_client = utf8mb4 */;
CREATE TABLE `question_type` (
  `id` int NOT NULL AUTO_INCREMENT,
  `name` varchar(500) NOT NULL,
  `value` float DEFAULT '0',
  `created_at` datetime NOT NULL,
  `updated_at` datetime NOT NULL,
  PRIMARY KEY (`id`)
) ENGINE=InnoDB AUTO_INCREMENT=6 DEFAULT CHARSET=utf8mb4 COLLATE=utf8mb4_0900_ai_ci;
/*!40101 SET character_set_client = @saved_cs_client */;

--
-- Dumping data for table `question_type`
--

LOCK TABLES `question_type` WRITE;
/*!40000 ALTER TABLE `question_type` DISABLE KEYS */;
INSERT INTO `question_type` VALUES (1,'Seleccion Simple',1,'2024-10-27 13:15:06','2024-10-27 13:15:06'),(2,'Seleccion Multiple',2,'2024-10-27 13:15:06','2024-10-27 13:15:06'),(3,'Verdadero o falso',1.5,'2024-10-27 13:15:06','2024-10-27 13:15:06'),(4,'Pregunta de completación',9,'2024-10-27 13:15:06','2024-10-27 13:15:06'),(5,'Preguntas de desarrollo',4,'2024-10-27 13:15:06','2024-10-27 13:15:06');
/*!40000 ALTER TABLE `question_type` ENABLE KEYS */;
UNLOCK TABLES;

--
-- Table structure for table `rating`
--

DROP TABLE IF EXISTS `rating`;
/*!40101 SET @saved_cs_client     = @@character_set_client */;
/*!50503 SET character_set_client = utf8mb4 */;
CREATE TABLE `rating` (
  `id` int NOT NULL AUTO_INCREMENT,
  `instructor_id` int NOT NULL,
  `student_id` int NOT NULL,
  `subject_days_id` int NOT NULL,
  `subject_id` int NOT NULL,
  `course_student_id` int NOT NULL,
  `value` double NOT NULL,
  `created_at` datetime NOT NULL,
  `updated_at` datetime NOT NULL,
  PRIMARY KEY (`id`),
  KEY `fk_rating_subject_id` (`subject_id`) USING BTREE,
  KEY `fk_rating_subject_days_id` (`subject_days_id`) USING BTREE,
  KEY `fk_rating_student1_idx` (`student_id`) USING BTREE,
  KEY `fk_rating_course_student1_idx` (`course_student_id`) USING BTREE,
  KEY `fk_rating_instructor_idx` (`instructor_id`) USING BTREE,
  CONSTRAINT `rating_ibfk_1` FOREIGN KEY (`instructor_id`) REFERENCES `instructor` (`id`) ON DELETE CASCADE ON UPDATE CASCADE,
  CONSTRAINT `rating_ibfk_2` FOREIGN KEY (`student_id`) REFERENCES `student` (`id`) ON UPDATE CASCADE,
  CONSTRAINT `rating_ibfk_3` FOREIGN KEY (`subject_days_id`) REFERENCES `subject_days` (`id`) ON UPDATE CASCADE,
  CONSTRAINT `rating_ibfk_4` FOREIGN KEY (`subject_id`) REFERENCES `subject_days` (`id`) ON UPDATE CASCADE,
  CONSTRAINT `rating_ibfk_5` FOREIGN KEY (`course_student_id`) REFERENCES `course_student` (`id`) ON DELETE CASCADE ON UPDATE CASCADE
) ENGINE=InnoDB DEFAULT CHARSET=utf8mb4 COLLATE=utf8mb4_0900_ai_ci;
/*!40101 SET character_set_client = @saved_cs_client */;

--
-- Dumping data for table `rating`
--

LOCK TABLES `rating` WRITE;
/*!40000 ALTER TABLE `rating` DISABLE KEYS */;
/*!40000 ALTER TABLE `rating` ENABLE KEYS */;
UNLOCK TABLES;

--
-- Table structure for table `schedule`
--

DROP TABLE IF EXISTS `schedule`;
/*!40101 SET @saved_cs_client     = @@character_set_client */;
/*!50503 SET character_set_client = utf8mb4 */;
CREATE TABLE `schedule` (
  `id` int NOT NULL AUTO_INCREMENT,
  `instructor_id` int DEFAULT NULL,
  `student_id` int NOT NULL,
  `subject_days_id` int NOT NULL,
  `subject_id` int NOT NULL,
  `course_student_id` int NOT NULL,
  `date` date DEFAULT NULL,
  `hour` time DEFAULT NULL,
  `class_time` float DEFAULT '0',
  `created_at` datetime NOT NULL,
  `updated_at` datetime NOT NULL,
  PRIMARY KEY (`id`),
  KEY `fk_schedule_subject_id` (`subject_id`) USING BTREE,
  KEY `fk_schedule_student_idx` (`student_id`) USING BTREE,
  KEY `fk_schedule_subject_days_idx` (`subject_days_id`) USING BTREE,
  KEY `fk_schedule_course_student1_idx` (`course_student_id`) USING BTREE,
  KEY `fk_schedule_instructor_idx` (`instructor_id`) USING BTREE,
  CONSTRAINT `schedule_ibfk_1` FOREIGN KEY (`instructor_id`) REFERENCES `instructor` (`id`) ON DELETE CASCADE ON UPDATE CASCADE,
  CONSTRAINT `schedule_ibfk_2` FOREIGN KEY (`student_id`) REFERENCES `student` (`id`) ON UPDATE CASCADE,
  CONSTRAINT `schedule_ibfk_3` FOREIGN KEY (`subject_days_id`) REFERENCES `subject_days` (`id`) ON UPDATE CASCADE,
  CONSTRAINT `schedule_ibfk_4` FOREIGN KEY (`subject_id`) REFERENCES `subject` (`id`) ON UPDATE CASCADE,
  CONSTRAINT `schedule_ibfk_5` FOREIGN KEY (`course_student_id`) REFERENCES `course_student` (`id`) ON DELETE CASCADE ON UPDATE CASCADE
) ENGINE=InnoDB DEFAULT CHARSET=utf8mb4 COLLATE=utf8mb4_0900_ai_ci;
/*!40101 SET character_set_client = @saved_cs_client */;

--
-- Dumping data for table `schedule`
--

LOCK TABLES `schedule` WRITE;
/*!40000 ALTER TABLE `schedule` DISABLE KEYS */;
/*!40000 ALTER TABLE `schedule` ENABLE KEYS */;
UNLOCK TABLES;

--
-- Table structure for table `student`
--

DROP TABLE IF EXISTS `student`;
/*!40101 SET @saved_cs_client     = @@character_set_client */;
/*!50503 SET character_set_client = utf8mb4 */;
CREATE TABLE `student` (
  `id` int NOT NULL AUTO_INCREMENT,
  `user_id` int NOT NULL,
  `status` tinyint DEFAULT '1',
  `created_at` datetime NOT NULL,
  `updated_at` datetime NOT NULL,
  PRIMARY KEY (`id`),
  KEY `fk_student_user1_idx` (`user_id`) USING BTREE,
  CONSTRAINT `student_ibfk_1` FOREIGN KEY (`user_id`) REFERENCES `user` (`id`) ON UPDATE CASCADE
) ENGINE=InnoDB AUTO_INCREMENT=3 DEFAULT CHARSET=utf8mb4 COLLATE=utf8mb4_0900_ai_ci;
/*!40101 SET character_set_client = @saved_cs_client */;

--
-- Dumping data for table `student`
--

LOCK TABLES `student` WRITE;
/*!40000 ALTER TABLE `student` DISABLE KEYS */;
INSERT INTO `student` VALUES (1,3,1,'2024-11-28 11:30:43','2024-11-28 11:30:43'),(2,7,1,'2024-11-28 11:30:46','2024-11-28 11:30:46');
/*!40000 ALTER TABLE `student` ENABLE KEYS */;
UNLOCK TABLES;

--
-- Table structure for table `subject`
--

DROP TABLE IF EXISTS `subject`;
/*!40101 SET @saved_cs_client     = @@character_set_client */;
/*!50503 SET character_set_client = utf8mb4 */;
CREATE TABLE `subject` (
  `id` int NOT NULL AUTO_INCREMENT,
  `order` int NOT NULL,
  `name` varchar(500) NOT NULL,
  `hours` float DEFAULT '0',
  `status` tinyint DEFAULT '1',
  `course_id` int NOT NULL,
  `created_at` datetime NOT NULL,
  `updated_at` datetime NOT NULL,
  PRIMARY KEY (`id`),
  KEY `fk_subject_course1_idx` (`course_id`) USING BTREE,
  CONSTRAINT `subject_ibfk_1` FOREIGN KEY (`course_id`) REFERENCES `course` (`id`) ON UPDATE CASCADE
) ENGINE=InnoDB AUTO_INCREMENT=36 DEFAULT CHARSET=utf8mb4 COLLATE=utf8mb4_0900_ai_ci;
/*!40101 SET character_set_client = @saved_cs_client */;

--
-- Dumping data for table `subject`
--

LOCK TABLES `subject` WRITE;
/*!40000 ALTER TABLE `subject` DISABLE KEYS */;
INSERT INTO `subject` VALUES (1,1,'Bienvenida/Papeleo',0.5,1,1,'2024-11-26 21:03:39','2024-11-28 19:04:22'),(2,2,'Generalidades de la Aeronave/ Procedimientos Operacionales / Plan de vuelo/ Maniobras',7.5,1,1,'2024-11-26 21:03:49','2024-11-28 19:04:28'),(3,3,'Peso y Balance, Planificación y  Performance ',8,1,1,'2024-11-26 21:03:56','2024-11-27 09:12:49'),(4,2,'Cabina/Encendido/Despegue ',2,1,2,'2024-11-26 21:51:03','2024-11-26 21:53:06'),(5,3,'Ascenso a FL100, para Ejercicios de Vuelo',2,1,2,'2024-11-26 21:51:26','2024-11-26 21:53:05'),(6,4,'Regreso al Aeródromo',2,1,2,'2024-11-26 21:51:53','2024-11-26 21:53:04'),(7,1,'Brifing ',0.5,1,2,'2024-11-26 21:52:29','2024-11-27 10:20:41'),(8,6,'Dibrifing',0.5,1,2,'2024-11-26 21:52:56','2024-11-27 10:21:17'),(9,5,'Reinicio al Inicio de la Pista',2,1,2,'2024-11-26 21:53:20','2024-11-26 21:53:36'),(10,4,'Sistema eléctrico, Iluminación y Panel de Advertencia',3,1,1,'2024-11-27 09:12:09','2024-11-27 09:12:09'),(11,5,'Combustible',2,1,1,'2024-11-27 09:12:32','2024-11-27 09:12:32'),(12,6,'Motores/ Hélices',3,1,1,'2024-11-27 09:17:25','2024-11-27 09:17:25'),(13,7,'Protección Contra Incendio',3,1,1,'2024-11-27 09:20:31','2024-11-27 09:20:31'),(14,8,'Neumático, Protección contra Hielo y Lluvia',2,1,1,'2024-11-27 09:20:45','2024-11-27 09:20:45'),(15,9,'Aire Acondicionado / Presurización',2,1,1,'2024-11-27 09:21:01','2024-12-01 23:25:11'),(16,10,'Tren de aterrizaje /controles de vuelo',2,1,1,'2024-11-27 09:21:21','2024-11-27 09:21:21'),(17,11,'Instrumentos y Aviónica',2,1,1,'2024-11-27 09:22:10','2024-11-27 09:22:10'),(18,12,'Oxigeno',2,1,1,'2024-11-27 09:25:21','2024-11-27 09:25:21'),(19,13,'Manual de Vuelo',1,1,1,'2024-11-27 09:25:38','2024-11-27 09:25:38'),(20,14,'Procedimientos Anormales /Emergencias',3,1,1,'2024-11-27 09:26:01','2024-11-27 09:26:01'),(21,15,'CRM /Cortante de Viento Cruzado',2,1,1,'2024-11-27 09:26:13','2024-11-27 09:26:13'),(22,16,'Repaso',4,1,1,'2024-11-27 09:26:26','2024-11-27 09:26:26'),(23,17,'Examen/Encuesta',2,1,1,'2024-11-27 09:26:40','2024-11-27 09:26:40'),(24,1,'Generalidades de la Aeronave/ Procedimientos Operacionales',1,1,3,'2024-12-03 22:54:12','2024-12-03 23:04:15'),(25,2,'Peso y Balance, Planificación y  Performance',1.5,1,3,'2024-12-03 22:54:40','2024-12-03 22:54:40'),(26,3,'Sistema eléctrico, Iluminación y Panel de Advertencia',1.5,1,3,'2024-12-03 22:55:06','2024-12-03 22:55:06'),(27,4,'Combustible',1,1,3,'2024-12-03 22:55:29','2024-12-03 22:55:29'),(28,5,'Motores / Hélices',1.5,1,3,'2024-12-03 22:55:55','2024-12-03 22:56:06'),(29,6,'Protección Contra Incendio',1,1,3,'2024-12-03 22:56:27','2024-12-03 22:56:27'),(30,7,'Neumático, Protección contra Hielo y Lluvia',1,1,3,'2024-12-03 22:56:49','2024-12-03 22:56:49'),(31,8,'Aire Acondicionado/Presurización',1,1,3,'2024-12-03 22:57:22','2024-12-03 22:57:22'),(32,9,'Tren de aterrizaje / controles de vuelo',1,1,3,'2024-12-03 22:57:50','2024-12-03 22:57:50'),(33,10,'Instrumentos y Aviónica',1,1,3,'2024-12-03 22:58:12','2024-12-03 22:58:12'),(34,11,'Oxigeno',1,1,3,'2024-12-03 22:59:13','2024-12-03 22:59:13'),(35,12,'Repaso y Examen',2,1,3,'2024-12-03 22:59:43','2024-12-03 22:59:43');
/*!40000 ALTER TABLE `subject` ENABLE KEYS */;
UNLOCK TABLES;

--
-- Table structure for table `subject_days`
--

DROP TABLE IF EXISTS `subject_days`;
/*!40101 SET @saved_cs_client     = @@character_set_client */;
/*!50503 SET character_set_client = utf8mb4 */;
CREATE TABLE `subject_days` (
  `id` int NOT NULL AUTO_INCREMENT,
  `subject_id` int NOT NULL,
  `course_id` int NOT NULL,
  `day` int NOT NULL,
  `class_time` int DEFAULT '1',
  `status` tinyint DEFAULT '1',
  `created_at` datetime NOT NULL,
  `updated_at` datetime NOT NULL,
  PRIMARY KEY (`id`),
  KEY `fk_subject_days_subject1_idx` (`subject_id`) USING BTREE,
  KEY `fk_subject_days_course1_idx` (`course_id`) USING BTREE,
  CONSTRAINT `subject_days_ibfk_1` FOREIGN KEY (`subject_id`) REFERENCES `subject` (`id`) ON DELETE CASCADE ON UPDATE CASCADE,
  CONSTRAINT `subject_days_ibfk_2` FOREIGN KEY (`course_id`) REFERENCES `course` (`id`) ON DELETE CASCADE ON UPDATE CASCADE
) ENGINE=InnoDB AUTO_INCREMENT=31 DEFAULT CHARSET=utf8mb4 COLLATE=utf8mb4_0900_ai_ci;
/*!40101 SET character_set_client = @saved_cs_client */;

--
-- Dumping data for table `subject_days`
--

LOCK TABLES `subject_days` WRITE;
/*!40000 ALTER TABLE `subject_days` DISABLE KEYS */;
INSERT INTO `subject_days` VALUES (1,1,1,1,1,1,'2024-11-28 11:31:19','2024-11-28 11:31:19'),(2,2,1,1,1,1,'2024-11-28 11:31:20','2024-11-28 11:31:20'),(3,3,1,2,1,1,'2024-11-28 11:31:21','2024-11-28 11:31:21'),(4,10,1,3,1,1,'2024-11-28 11:31:23','2024-11-28 11:31:23'),(5,11,1,3,1,1,'2024-11-28 11:31:26','2024-11-28 11:31:26'),(6,12,1,3,1,1,'2024-11-28 11:31:28','2024-11-28 11:31:28'),(7,13,1,4,1,1,'2024-11-28 11:31:30','2024-11-28 11:31:30'),(8,14,1,4,1,1,'2024-11-28 11:31:31','2024-11-28 11:31:31'),(9,15,1,4,1,1,'2024-11-28 11:31:33','2024-11-28 11:31:33'),(10,16,1,4,1,1,'2024-11-28 11:31:39','2024-11-28 11:31:39'),(11,17,1,5,1,1,'2024-11-28 11:31:41','2024-11-28 11:31:41'),(12,18,1,5,1,1,'2024-11-28 11:31:42','2024-11-28 11:31:42'),(13,19,1,5,1,1,'2024-11-28 11:31:44','2024-11-28 11:31:44'),(14,20,1,5,1,1,'2024-11-28 11:31:46','2024-11-28 11:31:46'),(15,21,1,6,1,1,'2024-11-28 11:31:47','2024-11-28 11:31:47'),(16,22,1,6,1,1,'2024-11-28 11:31:48','2024-11-28 11:31:48'),(17,23,1,6,1,1,'2024-11-28 11:31:50','2024-11-28 11:31:50'),(18,3,1,1,1,0,'2024-12-03 22:01:11','2024-12-03 22:01:14'),(19,24,3,1,1,1,'2024-12-03 23:07:19','2024-12-03 23:07:19'),(20,25,3,1,1,1,'2024-12-03 23:07:20','2024-12-03 23:07:20'),(21,26,3,1,1,1,'2024-12-03 23:07:28','2024-12-03 23:07:28'),(22,27,3,1,1,1,'2024-12-03 23:07:29','2024-12-03 23:07:29'),(23,28,3,2,1,1,'2024-12-03 23:07:40','2024-12-03 23:07:40'),(24,29,3,2,1,1,'2024-12-03 23:07:41','2024-12-03 23:07:41'),(25,30,3,2,1,1,'2024-12-03 23:07:43','2024-12-03 23:07:43'),(26,31,3,2,1,1,'2024-12-03 23:07:44','2024-12-03 23:07:44'),(27,32,3,3,1,1,'2024-12-03 23:07:53','2024-12-03 23:07:53'),(28,33,3,3,1,1,'2024-12-03 23:07:54','2024-12-03 23:07:54'),(29,34,3,3,1,1,'2024-12-03 23:07:55','2024-12-03 23:07:55'),(30,35,3,3,1,1,'2024-12-03 23:07:56','2024-12-03 23:07:56');
/*!40000 ALTER TABLE `subject_days` ENABLE KEYS */;
UNLOCK TABLES;

--
-- Table structure for table `test`
--

DROP TABLE IF EXISTS `test`;
/*!40101 SET @saved_cs_client     = @@character_set_client */;
/*!50503 SET character_set_client = utf8mb4 */;
CREATE TABLE `test` (
  `id` int NOT NULL AUTO_INCREMENT,
  `course_id` int NOT NULL,
  `code` varchar(50) NOT NULL,
  `status` tinyint(1) DEFAULT '1',
  `created_at` datetime NOT NULL,
  `updated_at` datetime NOT NULL,
  PRIMARY KEY (`id`),
  KEY `fk_test_course_idx` (`course_id`) USING BTREE,
  CONSTRAINT `test_ibfk_1` FOREIGN KEY (`course_id`) REFERENCES `course` (`id`) ON DELETE CASCADE ON UPDATE CASCADE
) ENGINE=InnoDB AUTO_INCREMENT=3 DEFAULT CHARSET=utf8mb4 COLLATE=utf8mb4_0900_ai_ci;
/*!40101 SET character_set_client = @saved_cs_client */;

--
-- Dumping data for table `test`
--

LOCK TABLES `test` WRITE;
/*!40000 ALTER TABLE `test` DISABLE KEYS */;
INSERT INTO `test` VALUES (1,1,'T-0001',1,'2024-10-27 13:15:06','2024-10-27 13:15:06'),(2,2,'T-0002',1,'2024-10-27 13:15:06','2024-10-27 13:15:06');
/*!40000 ALTER TABLE `test` ENABLE KEYS */;
UNLOCK TABLES;

--
-- Table structure for table `user`
--

DROP TABLE IF EXISTS `user`;
/*!40101 SET @saved_cs_client     = @@character_set_client */;
/*!50503 SET character_set_client = utf8mb4 */;
CREATE TABLE `user` (
  `id` int NOT NULL AUTO_INCREMENT,
  `uuid` char(36) CHARACTER SET utf8mb4 COLLATE utf8mb4_bin NOT NULL,
  `name` varchar(500) NOT NULL,
  `doc_number` int NOT NULL,
  `user_doc_type_id` int NOT NULL,
  `phone` varchar(255) DEFAULT NULL,
  `last_name` varchar(500) NOT NULL,
  `password` varchar(200) DEFAULT NULL,
  `email` varchar(500) NOT NULL,
  `flag` varchar(500) DEFAULT NULL,
  `country_name` varchar(500) DEFAULT NULL,
  `usercol` varchar(45) DEFAULT NULL,
  `is_superuser` tinyint(1) DEFAULT '0',
  `is_staff` tinyint(1) DEFAULT '0',
  `is_active` tinyint(1) DEFAULT '1',
  `created_at` datetime NOT NULL,
  `updated_at` datetime NOT NULL,
  PRIMARY KEY (`id`),
  UNIQUE KEY `uuid` (`uuid`),
  UNIQUE KEY `email` (`email`),
  KEY `user_doc_type_id` (`user_doc_type_id`),
  CONSTRAINT `user_ibfk_1` FOREIGN KEY (`user_doc_type_id`) REFERENCES `user_doc_type` (`id`) ON UPDATE CASCADE
) ENGINE=InnoDB AUTO_INCREMENT=13 DEFAULT CHARSET=utf8mb4 COLLATE=utf8mb4_0900_ai_ci;
/*!40101 SET character_set_client = @saved_cs_client */;

--
-- Dumping data for table `user`
--

LOCK TABLES `user` WRITE;
/*!40000 ALTER TABLE `user` DISABLE KEYS */;
INSERT INTO `user` VALUES (3,'fcf400f5-3182-4f2c-8353-49ca27605a32','Mario ',13904983,1,'4263926276','Piñango','123456789','sistemas@joyarteydecoracion.com','??','Venezuela',NULL,0,0,1,'2024-11-23 14:00:16','2024-12-15 23:00:58'),(6,'5abb0860-76cc-47a7-9dc3-c8e45123797c','Hermes',17531269,1,'4263926273','Meriño','123456789','test3@joyarteydecoracion.com',NULL,NULL,NULL,0,0,1,'2024-11-23 14:02:34','2024-11-23 14:02:34'),(7,'d5cff71f-2b6e-4df3-88e5-7bce0c36d5f3','Luis ',14302910,1,'4263926273','Salcedo','123456789','test2@gmail.com',NULL,NULL,NULL,0,0,1,'2024-11-23 14:03:16','2024-11-23 14:03:16'),(8,'35fcc892-4410-4d77-98e2-16a5e5cd008f','Jose ',6500789,1,'4263926273','Puente','123456789','admin@test.com',NULL,NULL,NULL,0,0,1,'2024-11-23 14:03:45','2024-11-23 14:03:45'),(9,'b1057472-6223-4263-83a5-a6120b04ae7a','Angela',18186737,1,'4120894700','Avalrez','123456789','moisescamachoss26@gmail.com',NULL,NULL,NULL,0,0,1,'2024-11-23 14:05:37','2024-11-23 14:05:37'),(10,'b63c41be-4866-47e5-a649-3a43838e18b0','Osvaldo',20571896,1,'4263926273','Hurtado','123456789','mcamachoPruebaddd@joyarteydecoracion.com',NULL,NULL,NULL,0,0,1,'2024-11-23 14:06:34','2024-11-23 14:06:34'),(11,'c7fce6a2-3b14-4b45-a653-57d09b95b906','Orangel',12374239,1,'4263926273','Lozada','123456789','test26@gmail.com',NULL,NULL,NULL,0,0,1,'2024-11-23 14:07:16','2024-11-23 14:07:16'),(12,'a214c461-ec73-4163-8077-a5d86ecadf84','Moises ',22035534,1,'584120894700','Camacho','123456789','moisescamacho26@gmail.com','??','Venezuela',NULL,0,0,1,'2024-12-17 11:51:52','2024-12-17 11:51:52');
/*!40000 ALTER TABLE `user` ENABLE KEYS */;
UNLOCK TABLES;

--
-- Table structure for table `user_doc_type`
--

DROP TABLE IF EXISTS `user_doc_type`;
/*!40101 SET @saved_cs_client     = @@character_set_client */;
/*!50503 SET character_set_client = utf8mb4 */;
CREATE TABLE `user_doc_type` (
  `id` int NOT NULL AUTO_INCREMENT,
  `name` varchar(500) NOT NULL,
  `symbol` varchar(500) NOT NULL,
  `created_at` datetime NOT NULL,
  `updated_at` datetime NOT NULL,
  PRIMARY KEY (`id`),
  UNIQUE KEY `symbol` (`symbol`)
) ENGINE=InnoDB AUTO_INCREMENT=4 DEFAULT CHARSET=utf8mb4 COLLATE=utf8mb4_0900_ai_ci;
/*!40101 SET character_set_client = @saved_cs_client */;

--
-- Dumping data for table `user_doc_type`
--

LOCK TABLES `user_doc_type` WRITE;
/*!40000 ALTER TABLE `user_doc_type` DISABLE KEYS */;
INSERT INTO `user_doc_type` VALUES (1,'Venezolano','V','2024-11-17 19:20:12','2024-11-17 19:20:12'),(2,'Extranjero','E','2024-11-17 19:20:12','2024-11-17 19:20:12'),(3,'Juridico','J','2024-11-17 19:20:12','2024-11-17 19:20:12');
/*!40000 ALTER TABLE `user_doc_type` ENABLE KEYS */;
UNLOCK TABLES;

--
-- Table structure for table `user_group`
--

DROP TABLE IF EXISTS `user_group`;
/*!40101 SET @saved_cs_client     = @@character_set_client */;
/*!50503 SET character_set_client = utf8mb4 */;
CREATE TABLE `user_group` (
  `id` int NOT NULL AUTO_INCREMENT,
  `user_id` int NOT NULL,
  `group_id` int NOT NULL,
  PRIMARY KEY (`id`),
  UNIQUE KEY `user_group_user_id_group_id_unique` (`user_id`,`group_id`),
  KEY `fk_user_group_user1_idx` (`user_id`) USING BTREE,
  KEY `fk_user_group_group1_idx` (`group_id`) USING BTREE,
  CONSTRAINT `user_group_ibfk_1` FOREIGN KEY (`user_id`) REFERENCES `user` (`id`) ON DELETE CASCADE ON UPDATE CASCADE,
  CONSTRAINT `user_group_ibfk_2` FOREIGN KEY (`group_id`) REFERENCES `group` (`id`) ON DELETE CASCADE ON UPDATE CASCADE
) ENGINE=InnoDB DEFAULT CHARSET=utf8mb4 COLLATE=utf8mb4_0900_ai_ci;
/*!40101 SET character_set_client = @saved_cs_client */;

--
-- Dumping data for table `user_group`
--

LOCK TABLES `user_group` WRITE;
/*!40000 ALTER TABLE `user_group` DISABLE KEYS */;
/*!40000 ALTER TABLE `user_group` ENABLE KEYS */;
UNLOCK TABLES;

--
-- Table structure for table `user_permission`
--

DROP TABLE IF EXISTS `user_permission`;
/*!40101 SET @saved_cs_client     = @@character_set_client */;
/*!50503 SET character_set_client = utf8mb4 */;
CREATE TABLE `user_permission` (
  `id` int NOT NULL AUTO_INCREMENT,
  `user_id` int NOT NULL,
  `permission_id` int NOT NULL,
  `created_at` datetime NOT NULL,
  `updated_at` datetime NOT NULL,
  PRIMARY KEY (`id`),
  KEY `fk_user_permission_user1_idx` (`user_id`) USING BTREE,
  KEY `fk_user_permission_permission1_idx` (`permission_id`) USING BTREE,
  CONSTRAINT `user_permission_ibfk_1` FOREIGN KEY (`user_id`) REFERENCES `user` (`id`) ON DELETE CASCADE ON UPDATE CASCADE,
  CONSTRAINT `user_permission_ibfk_2` FOREIGN KEY (`permission_id`) REFERENCES `permission` (`id`) ON DELETE CASCADE ON UPDATE CASCADE
) ENGINE=InnoDB DEFAULT CHARSET=utf8mb4 COLLATE=utf8mb4_0900_ai_ci;
/*!40101 SET character_set_client = @saved_cs_client */;

--
-- Dumping data for table `user_permission`
--

LOCK TABLES `user_permission` WRITE;
/*!40000 ALTER TABLE `user_permission` DISABLE KEYS */;
/*!40000 ALTER TABLE `user_permission` ENABLE KEYS */;
UNLOCK TABLES;
/*!40103 SET TIME_ZONE=@OLD_TIME_ZONE */;

/*!40101 SET SQL_MODE=@OLD_SQL_MODE */;
/*!40014 SET FOREIGN_KEY_CHECKS=@OLD_FOREIGN_KEY_CHECKS */;
/*!40014 SET UNIQUE_CHECKS=@OLD_UNIQUE_CHECKS */;
/*!40101 SET CHARACTER_SET_CLIENT=@OLD_CHARACTER_SET_CLIENT */;
/*!40101 SET CHARACTER_SET_RESULTS=@OLD_CHARACTER_SET_RESULTS */;
/*!40101 SET COLLATION_CONNECTION=@OLD_COLLATION_CONNECTION */;
/*!40111 SET SQL_NOTES=@OLD_SQL_NOTES */;

-- Dump completed on 2024-12-17  8:55:48
